frame_id,source,first_mame_frame,slot,raw_code,decoded_code,atari_width_8px,atari_height_8px,xflip,palette,atlas_x_16px,atlas_y_16px,width_16px,height_16px,pen_1
0,mame-trace,900,780,0x0800,0x0000,3,3,0,2,0,0,2,2,preview_black_alpha_128_and_separate_mask
1,rom-energy-table,-1,-1,0x0800,0x0000,3,3,0,3,3,0,2,2,preview_black_alpha_128_and_separate_mask
2,mame-trace,900,701,0x0800,0x0000,3,3,0,4,6,0,2,2,preview_black_alpha_128_and_separate_mask
3,rom-animation-table,-1,-1,0x0809,0x0009,3,3,0,2,9,0,2,2,preview_black_alpha_128_and_separate_mask
4,rom-animation-table,-1,-1,0x0809,0x0009,3,3,0,3,12,0,2,2,preview_black_alpha_128_and_separate_mask
5,rom-animation-table,-1,-1,0x0809,0x0009,3,3,0,4,15,0,2,2,preview_black_alpha_128_and_separate_mask
6,rom-animation-table,-1,-1,0x0812,0x0012,3,3,0,2,18,0,2,2,preview_black_alpha_128_and_separate_mask
7,rom-animation-table,-1,-1,0x0812,0x0012,3,3,0,3,21,0,2,2,preview_black_alpha_128_and_separate_mask
8,rom-animation-table,-1,-1,0x0812,0x0012,3,3,0,4,24,0,2,2,preview_black_alpha_128_and_separate_mask
9,rom-animation-table,-1,-1,0x081B,0x001B,3,3,0,2,27,0,2,2,preview_black_alpha_128_and_separate_mask
10,rom-animation-table,-1,-1,0x081B,0x001B,3,3,0,3,30,0,2,2,preview_black_alpha_128_and_separate_mask
11,rom-animation-table,-1,-1,0x081B,0x001B,3,3,0,4,0,3,2,2,preview_black_alpha_128_and_separate_mask
12,rom-animation-table,-1,-1,0x0824,0x0024,3,3,0,2,3,3,2,2,preview_black_alpha_128_and_separate_mask
13,rom-animation-table,-1,-1,0x0824,0x0024,3,3,0,3,6,3,2,2,preview_black_alpha_128_and_separate_mask
14,rom-animation-table,-1,-1,0x0824,0x0024,3,3,0,4,9,3,2,2,preview_black_alpha_128_and_separate_mask
15,rom-animation-table,-1,-1,0x082D,0x002D,3,3,0,2,12,3,2,2,preview_black_alpha_128_and_separate_mask
16,rom-animation-table,-1,-1,0x082D,0x002D,3,3,0,3,15,3,2,2,preview_black_alpha_128_and_separate_mask
17,rom-animation-table,-1,-1,0x082D,0x002D,3,3,0,4,18,3,2,2,preview_black_alpha_128_and_separate_mask
18,rom-animation-table,-1,-1,0x0836,0x0036,3,3,0,2,21,3,2,2,preview_black_alpha_128_and_separate_mask
19,rom-animation-table,-1,-1,0x0836,0x0036,3,3,0,3,24,3,2,2,preview_black_alpha_128_and_separate_mask
20,rom-animation-table,-1,-1,0x0836,0x0036,3,3,0,4,27,3,2,2,preview_black_alpha_128_and_separate_mask
21,rom-animation-table,-1,-1,0x083F,0x003F,3,3,0,2,30,3,2,2,preview_black_alpha_128_and_separate_mask
22,rom-animation-table,-1,-1,0x083F,0x003F,3,3,0,3,0,6,2,2,preview_black_alpha_128_and_separate_mask
23,rom-animation-table,-1,-1,0x083F,0x003F,3,3,0,4,3,6,2,2,preview_black_alpha_128_and_separate_mask
24,rom-animation-table,-1,-1,0x0848,0x0048,3,3,0,2,6,6,2,2,preview_black_alpha_128_and_separate_mask
25,rom-animation-table,-1,-1,0x0848,0x0048,3,3,0,3,9,6,2,2,preview_black_alpha_128_and_separate_mask
26,rom-animation-table,-1,-1,0x0848,0x0048,3,3,0,4,12,6,2,2,preview_black_alpha_128_and_separate_mask
27,rom-animation-table,-1,-1,0x0851,0x0051,3,3,0,2,15,6,2,2,preview_black_alpha_128_and_separate_mask
28,rom-animation-table,-1,-1,0x0851,0x0051,3,3,0,3,18,6,2,2,preview_black_alpha_128_and_separate_mask
29,rom-animation-table,-1,-1,0x0851,0x0051,3,3,0,4,21,6,2,2,preview_black_alpha_128_and_separate_mask
30,rom-animation-table,-1,-1,0x085A,0x005A,3,3,0,2,24,6,2,2,preview_black_alpha_128_and_separate_mask
31,rom-animation-table,-1,-1,0x085A,0x005A,3,3,0,3,27,6,2,2,preview_black_alpha_128_and_separate_mask
32,rom-animation-table,-1,-1,0x085A,0x005A,3,3,0,4,30,6,2,2,preview_black_alpha_128_and_separate_mask
33,rom-animation-table,-1,-1,0x0863,0x0063,3,3,0,2,0,9,2,2,preview_black_alpha_128_and_separate_mask
34,rom-animation-table,-1,-1,0x0863,0x0063,3,3,0,3,3,9,2,2,preview_black_alpha_128_and_separate_mask
35,rom-animation-table,-1,-1,0x0863,0x0063,3,3,0,4,6,9,2,2,preview_black_alpha_128_and_separate_mask
36,rom-animation-table,-1,-1,0x086C,0x006C,3,3,0,2,9,9,2,2,preview_black_alpha_128_and_separate_mask
37,rom-animation-table,-1,-1,0x086C,0x006C,3,3,0,3,12,9,2,2,preview_black_alpha_128_and_separate_mask
38,rom-animation-table,-1,-1,0x086C,0x006C,3,3,0,4,15,9,2,2,preview_black_alpha_128_and_separate_mask
39,rom-animation-table,-1,-1,0x0875,0x0075,3,3,0,2,18,9,2,2,preview_black_alpha_128_and_separate_mask
40,rom-animation-table,-1,-1,0x0875,0x0075,3,3,0,3,21,9,2,2,preview_black_alpha_128_and_separate_mask
41,rom-animation-table,-1,-1,0x0875,0x0075,3,3,0,4,24,9,2,2,preview_black_alpha_128_and_separate_mask
42,rom-animation-table,-1,-1,0x087E,0x007E,3,3,0,2,27,9,2,2,preview_black_alpha_128_and_separate_mask
43,rom-animation-table,-1,-1,0x087E,0x007E,3,3,0,3,30,9,2,2,preview_black_alpha_128_and_separate_mask
44,rom-animation-table,-1,-1,0x087E,0x007E,3,3,0,4,0,12,2,2,preview_black_alpha_128_and_separate_mask
45,rom-animation-table,-1,-1,0x0887,0x0087,3,3,0,2,3,12,2,2,preview_black_alpha_128_and_separate_mask
46,rom-animation-table,-1,-1,0x0887,0x0087,3,3,0,3,6,12,2,2,preview_black_alpha_128_and_separate_mask
47,rom-animation-table,-1,-1,0x0887,0x0087,3,3,0,4,9,12,2,2,preview_black_alpha_128_and_separate_mask
48,rom-animation-table,-1,-1,0x0890,0x0090,3,3,0,2,12,12,2,2,preview_black_alpha_128_and_separate_mask
49,rom-animation-table,-1,-1,0x0890,0x0090,3,3,0,3,15,12,2,2,preview_black_alpha_128_and_separate_mask
50,rom-animation-table,-1,-1,0x0890,0x0090,3,3,0,4,18,12,2,2,preview_black_alpha_128_and_separate_mask
51,rom-animation-table,-1,-1,0x0899,0x0099,3,3,0,2,21,12,2,2,preview_black_alpha_128_and_separate_mask
52,rom-animation-table,-1,-1,0x0899,0x0099,3,3,0,3,24,12,2,2,preview_black_alpha_128_and_separate_mask
53,rom-animation-table,-1,-1,0x0899,0x0099,3,3,0,4,27,12,2,2,preview_black_alpha_128_and_separate_mask
54,rom-animation-table,-1,-1,0x08A2,0x00A2,3,3,0,2,30,12,2,2,preview_black_alpha_128_and_separate_mask
55,rom-animation-table,-1,-1,0x08A2,0x00A2,3,3,0,3,0,15,2,2,preview_black_alpha_128_and_separate_mask
56,rom-animation-table,-1,-1,0x08A2,0x00A2,3,3,0,4,3,15,2,2,preview_black_alpha_128_and_separate_mask
57,rom-animation-table,-1,-1,0x08AB,0x00AB,3,3,0,2,6,15,2,2,preview_black_alpha_128_and_separate_mask
58,rom-animation-table,-1,-1,0x08AB,0x00AB,3,3,0,3,9,15,2,2,preview_black_alpha_128_and_separate_mask
59,rom-animation-table,-1,-1,0x08AB,0x00AB,3,3,0,4,12,15,2,2,preview_black_alpha_128_and_separate_mask
60,rom-animation-table,-1,-1,0x08B4,0x00B4,3,3,0,2,15,15,2,2,preview_black_alpha_128_and_separate_mask
61,rom-animation-table,-1,-1,0x08B4,0x00B4,3,3,0,3,18,15,2,2,preview_black_alpha_128_and_separate_mask
62,rom-animation-table,-1,-1,0x08B4,0x00B4,3,3,0,4,21,15,2,2,preview_black_alpha_128_and_separate_mask
63,rom-animation-table,-1,-1,0x08BD,0x00BD,3,3,0,2,24,15,2,2,preview_black_alpha_128_and_separate_mask
64,rom-animation-table,-1,-1,0x08BD,0x00BD,3,3,0,3,27,15,2,2,preview_black_alpha_128_and_separate_mask
65,rom-animation-table,-1,-1,0x08BD,0x00BD,3,3,0,4,30,15,2,2,preview_black_alpha_128_and_separate_mask
66,rom-animation-table,-1,-1,0x08C6,0x00C6,3,3,0,2,0,18,2,2,preview_black_alpha_128_and_separate_mask
67,rom-animation-table,-1,-1,0x08C6,0x00C6,3,3,0,3,3,18,2,2,preview_black_alpha_128_and_separate_mask
68,rom-animation-table,-1,-1,0x08C6,0x00C6,3,3,0,4,6,18,2,2,preview_black_alpha_128_and_separate_mask
69,rom-animation-table,-1,-1,0x08CF,0x00CF,3,3,0,2,9,18,2,2,preview_black_alpha_128_and_separate_mask
70,rom-animation-table,-1,-1,0x08CF,0x00CF,3,3,0,3,12,18,2,2,preview_black_alpha_128_and_separate_mask
71,rom-animation-table,-1,-1,0x08CF,0x00CF,3,3,0,4,15,18,2,2,preview_black_alpha_128_and_separate_mask
72,rom-animation-table,-1,-1,0x08D8,0x00D8,3,3,0,2,18,18,2,2,preview_black_alpha_128_and_separate_mask
73,rom-animation-table,-1,-1,0x08D8,0x00D8,3,3,0,3,21,18,2,2,preview_black_alpha_128_and_separate_mask
74,rom-animation-table,-1,-1,0x08D8,0x00D8,3,3,0,4,24,18,2,2,preview_black_alpha_128_and_separate_mask
75,rom-animation-table,-1,-1,0x08E1,0x00E1,3,3,0,2,27,18,2,2,preview_black_alpha_128_and_separate_mask
76,rom-animation-table,-1,-1,0x08E1,0x00E1,3,3,0,3,30,18,2,2,preview_black_alpha_128_and_separate_mask
77,rom-animation-table,-1,-1,0x08E1,0x00E1,3,3,0,4,0,21,2,2,preview_black_alpha_128_and_separate_mask
78,rom-animation-table,-1,-1,0x08EA,0x00EA,3,3,0,2,3,21,2,2,preview_black_alpha_128_and_separate_mask
79,rom-animation-table,-1,-1,0x08EA,0x00EA,3,3,0,3,6,21,2,2,preview_black_alpha_128_and_separate_mask
80,rom-animation-table,-1,-1,0x08EA,0x00EA,3,3,0,4,9,21,2,2,preview_black_alpha_128_and_separate_mask
81,rom-animation-table,-1,-1,0x08F3,0x00F3,3,3,0,2,12,21,2,2,preview_black_alpha_128_and_separate_mask
82,rom-animation-table,-1,-1,0x08F3,0x00F3,3,3,0,3,15,21,2,2,preview_black_alpha_128_and_separate_mask
83,rom-animation-table,-1,-1,0x08F3,0x00F3,3,3,0,4,18,21,2,2,preview_black_alpha_128_and_separate_mask
84,mame-trace,900,85,0x08FC,0x00FC,2,2,0,1,21,21,1,1,preview_black_alpha_128_and_separate_mask
85,rom-animation-table,-1,-1,0x0900,0x0100,3,3,0,2,23,21,2,2,preview_black_alpha_128_and_separate_mask
86,rom-animation-table,-1,-1,0x0900,0x0100,3,3,0,3,26,21,2,2,preview_black_alpha_128_and_separate_mask
87,rom-animation-table,-1,-1,0x0900,0x0100,3,3,0,4,29,21,2,2,preview_black_alpha_128_and_separate_mask
88,rom-animation-table,-1,-1,0x0909,0x0109,3,3,0,2,0,24,2,2,preview_black_alpha_128_and_separate_mask
89,rom-animation-table,-1,-1,0x0909,0x0109,3,3,0,3,3,24,2,2,preview_black_alpha_128_and_separate_mask
90,rom-animation-table,-1,-1,0x0909,0x0109,3,3,0,4,6,24,2,2,preview_black_alpha_128_and_separate_mask
91,rom-animation-table,-1,-1,0x0912,0x0112,3,3,0,2,9,24,2,2,preview_black_alpha_128_and_separate_mask
92,rom-animation-table,-1,-1,0x0912,0x0112,3,3,0,3,12,24,2,2,preview_black_alpha_128_and_separate_mask
93,rom-animation-table,-1,-1,0x0912,0x0112,3,3,0,4,15,24,2,2,preview_black_alpha_128_and_separate_mask
94,rom-animation-table,-1,-1,0x091B,0x011B,3,3,0,2,18,24,2,2,preview_black_alpha_128_and_separate_mask
95,rom-animation-table,-1,-1,0x091B,0x011B,3,3,0,3,21,24,2,2,preview_black_alpha_128_and_separate_mask
96,rom-animation-table,-1,-1,0x091B,0x011B,3,3,0,4,24,24,2,2,preview_black_alpha_128_and_separate_mask
97,mame-trace,900,270,0x096C,0x016C,3,3,0,1,27,24,2,2,preview_black_alpha_128_and_separate_mask
98,mame-trace,973,120,0x097E,0x017E,3,3,0,1,30,24,2,2,preview_black_alpha_128_and_separate_mask
99,mame-trace,907,278,0x0987,0x0187,3,3,0,1,0,27,2,2,preview_black_alpha_128_and_separate_mask
100,mame-trace,900,278,0x0990,0x0190,3,3,0,1,3,27,2,2,preview_black_alpha_128_and_separate_mask
101,mame-trace,903,278,0x0999,0x0199,3,3,0,1,6,27,2,2,preview_black_alpha_128_and_separate_mask
102,mame-trace,900,573,0x09AB,0x01AB,3,3,0,5,9,27,2,2,preview_black_alpha_128_and_separate_mask
103,mame-trace,974,918,0x09B4,0x01B4,3,3,0,5,12,27,2,2,preview_black_alpha_128_and_separate_mask
104,mame-trace,973,246,0x09BD,0x01BD,3,3,0,5,15,27,2,2,preview_black_alpha_128_and_separate_mask
105,mame-trace,900,1021,0x09E1,0x01E1,3,3,0,2,18,27,2,2,preview_black_alpha_128_and_separate_mask
106,rom-energy-table,-1,-1,0x09E1,0x01E1,3,3,0,3,21,27,2,2,preview_black_alpha_128_and_separate_mask
107,rom-energy-table,-1,-1,0x09E1,0x01E1,3,3,0,4,24,27,2,2,preview_black_alpha_128_and_separate_mask
108,rom-animation-table,-1,-1,0x09EA,0x01EA,3,3,0,2,27,27,2,2,preview_black_alpha_128_and_separate_mask
109,rom-animation-table,-1,-1,0x09EA,0x01EA,3,3,0,3,30,27,2,2,preview_black_alpha_128_and_separate_mask
110,rom-animation-table,-1,-1,0x09EA,0x01EA,3,3,0,4,0,30,2,2,preview_black_alpha_128_and_separate_mask
111,rom-animation-table,-1,-1,0x09F3,0x01F3,3,3,0,2,3,30,2,2,preview_black_alpha_128_and_separate_mask
112,rom-animation-table,-1,-1,0x09F3,0x01F3,3,3,0,3,6,30,2,2,preview_black_alpha_128_and_separate_mask
113,rom-animation-table,-1,-1,0x09F3,0x01F3,3,3,0,4,9,30,2,2,preview_black_alpha_128_and_separate_mask
114,rom-animation-table,-1,-1,0x0A00,0x0200,3,3,0,2,12,30,2,2,preview_black_alpha_128_and_separate_mask
115,rom-animation-table,-1,-1,0x0A00,0x0200,3,3,0,3,15,30,2,2,preview_black_alpha_128_and_separate_mask
116,rom-animation-table,-1,-1,0x0A00,0x0200,3,3,0,4,18,30,2,2,preview_black_alpha_128_and_separate_mask
117,rom-animation-table,-1,-1,0x0A09,0x0209,3,3,0,2,21,30,2,2,preview_black_alpha_128_and_separate_mask
118,rom-animation-table,-1,-1,0x0A09,0x0209,3,3,0,3,24,30,2,2,preview_black_alpha_128_and_separate_mask
119,rom-animation-table,-1,-1,0x0A09,0x0209,3,3,0,4,27,30,2,2,preview_black_alpha_128_and_separate_mask
120,rom-animation-table,-1,-1,0x0A12,0x0212,3,3,0,2,30,30,2,2,preview_black_alpha_128_and_separate_mask
121,rom-animation-table,-1,-1,0x0A12,0x0212,3,3,0,3,0,33,2,2,preview_black_alpha_128_and_separate_mask
122,rom-animation-table,-1,-1,0x0A12,0x0212,3,3,0,4,3,33,2,2,preview_black_alpha_128_and_separate_mask
123,rom-animation-table,-1,-1,0x0A1B,0x021B,3,3,0,2,6,33,2,2,preview_black_alpha_128_and_separate_mask
124,rom-animation-table,-1,-1,0x0A1B,0x021B,3,3,0,3,9,33,2,2,preview_black_alpha_128_and_separate_mask
125,rom-animation-table,-1,-1,0x0A1B,0x021B,3,3,0,4,12,33,2,2,preview_black_alpha_128_and_separate_mask
126,rom-animation-table,-1,-1,0x0A24,0x0224,3,3,0,2,15,33,2,2,preview_black_alpha_128_and_separate_mask
127,rom-animation-table,-1,-1,0x0A24,0x0224,3,3,0,3,18,33,2,2,preview_black_alpha_128_and_separate_mask
128,rom-animation-table,-1,-1,0x0A24,0x0224,3,3,0,4,21,33,2,2,preview_black_alpha_128_and_separate_mask
129,rom-animation-table,-1,-1,0x0A2D,0x022D,3,3,0,2,24,33,2,2,preview_black_alpha_128_and_separate_mask
130,rom-animation-table,-1,-1,0x0A2D,0x022D,3,3,0,3,27,33,2,2,preview_black_alpha_128_and_separate_mask
131,rom-animation-table,-1,-1,0x0A2D,0x022D,3,3,0,4,30,33,2,2,preview_black_alpha_128_and_separate_mask
132,rom-animation-table,-1,-1,0x0A3F,0x023F,3,3,0,2,0,36,2,2,preview_black_alpha_128_and_separate_mask
133,rom-animation-table,-1,-1,0x0A3F,0x023F,3,3,0,3,3,36,2,2,preview_black_alpha_128_and_separate_mask
134,rom-animation-table,-1,-1,0x0A3F,0x023F,3,3,0,4,6,36,2,2,preview_black_alpha_128_and_separate_mask
135,rom-animation-table,-1,-1,0x0A48,0x0248,3,3,0,2,9,36,2,2,preview_black_alpha_128_and_separate_mask
136,rom-animation-table,-1,-1,0x0A48,0x0248,3,3,0,3,12,36,2,2,preview_black_alpha_128_and_separate_mask
137,rom-animation-table,-1,-1,0x0A48,0x0248,3,3,0,4,15,36,2,2,preview_black_alpha_128_and_separate_mask
138,rom-animation-table,-1,-1,0x0A51,0x0251,3,3,0,2,18,36,2,2,preview_black_alpha_128_and_separate_mask
139,rom-animation-table,-1,-1,0x0A51,0x0251,3,3,0,3,21,36,2,2,preview_black_alpha_128_and_separate_mask
140,rom-animation-table,-1,-1,0x0A51,0x0251,3,3,0,4,24,36,2,2,preview_black_alpha_128_and_separate_mask
141,rom-animation-table,-1,-1,0x0A5A,0x025A,3,3,0,2,27,36,2,2,preview_black_alpha_128_and_separate_mask
142,rom-animation-table,-1,-1,0x0A5A,0x025A,3,3,0,3,30,36,2,2,preview_black_alpha_128_and_separate_mask
143,rom-animation-table,-1,-1,0x0A5A,0x025A,3,3,0,4,0,39,2,2,preview_black_alpha_128_and_separate_mask
144,rom-animation-table,-1,-1,0x0A63,0x0263,3,3,0,2,3,39,2,2,preview_black_alpha_128_and_separate_mask
145,rom-animation-table,-1,-1,0x0A63,0x0263,3,3,0,3,6,39,2,2,preview_black_alpha_128_and_separate_mask
146,rom-animation-table,-1,-1,0x0A63,0x0263,3,3,0,4,9,39,2,2,preview_black_alpha_128_and_separate_mask
147,rom-animation-table,-1,-1,0x0A6C,0x026C,3,3,0,2,12,39,2,2,preview_black_alpha_128_and_separate_mask
148,rom-animation-table,-1,-1,0x0A6C,0x026C,3,3,0,3,15,39,2,2,preview_black_alpha_128_and_separate_mask
149,rom-animation-table,-1,-1,0x0A6C,0x026C,3,3,0,4,18,39,2,2,preview_black_alpha_128_and_separate_mask
150,rom-animation-table,-1,-1,0x0A75,0x0275,3,3,0,2,21,39,2,2,preview_black_alpha_128_and_separate_mask
151,rom-animation-table,-1,-1,0x0A75,0x0275,3,3,0,3,24,39,2,2,preview_black_alpha_128_and_separate_mask
152,rom-animation-table,-1,-1,0x0A75,0x0275,3,3,0,4,27,39,2,2,preview_black_alpha_128_and_separate_mask
153,rom-animation-table,-1,-1,0x0A7E,0x027E,3,3,0,2,30,39,2,2,preview_black_alpha_128_and_separate_mask
154,rom-animation-table,-1,-1,0x0A7E,0x027E,3,3,0,3,0,42,2,2,preview_black_alpha_128_and_separate_mask
155,rom-animation-table,-1,-1,0x0A7E,0x027E,3,3,0,4,3,42,2,2,preview_black_alpha_128_and_separate_mask
156,rom-animation-table,-1,-1,0x0A87,0x0287,3,3,0,2,6,42,2,2,preview_black_alpha_128_and_separate_mask
157,rom-animation-table,-1,-1,0x0A87,0x0287,3,3,0,3,9,42,2,2,preview_black_alpha_128_and_separate_mask
158,rom-animation-table,-1,-1,0x0A87,0x0287,3,3,0,4,12,42,2,2,preview_black_alpha_128_and_separate_mask
159,rom-animation-table,-1,-1,0x0A90,0x0290,3,3,0,2,15,42,2,2,preview_black_alpha_128_and_separate_mask
160,rom-animation-table,-1,-1,0x0A90,0x0290,3,3,0,3,18,42,2,2,preview_black_alpha_128_and_separate_mask
161,rom-animation-table,-1,-1,0x0A90,0x0290,3,3,0,4,21,42,2,2,preview_black_alpha_128_and_separate_mask
162,rom-animation-table,-1,-1,0x0A99,0x0299,3,3,0,2,24,42,2,2,preview_black_alpha_128_and_separate_mask
163,rom-animation-table,-1,-1,0x0A99,0x0299,3,3,0,3,27,42,2,2,preview_black_alpha_128_and_separate_mask
164,rom-animation-table,-1,-1,0x0A99,0x0299,3,3,0,4,30,42,2,2,preview_black_alpha_128_and_separate_mask
165,rom-animation-table,-1,-1,0x0AA2,0x02A2,3,3,0,2,0,45,2,2,preview_black_alpha_128_and_separate_mask
166,rom-animation-table,-1,-1,0x0AA2,0x02A2,3,3,0,3,3,45,2,2,preview_black_alpha_128_and_separate_mask
167,rom-animation-table,-1,-1,0x0AA2,0x02A2,3,3,0,4,6,45,2,2,preview_black_alpha_128_and_separate_mask
168,rom-animation-table,-1,-1,0x0AAB,0x02AB,3,3,0,2,9,45,2,2,preview_black_alpha_128_and_separate_mask
169,rom-animation-table,-1,-1,0x0AAB,0x02AB,3,3,0,3,12,45,2,2,preview_black_alpha_128_and_separate_mask
170,rom-animation-table,-1,-1,0x0AAB,0x02AB,3,3,0,4,15,45,2,2,preview_black_alpha_128_and_separate_mask
171,rom-animation-table,-1,-1,0x0AB4,0x02B4,3,3,0,2,18,45,2,2,preview_black_alpha_128_and_separate_mask
172,rom-animation-table,-1,-1,0x0AB4,0x02B4,3,3,0,3,21,45,2,2,preview_black_alpha_128_and_separate_mask
173,rom-animation-table,-1,-1,0x0AB4,0x02B4,3,3,0,4,24,45,2,2,preview_black_alpha_128_and_separate_mask
174,rom-animation-table,-1,-1,0x0ABD,0x02BD,3,3,0,2,27,45,2,2,preview_black_alpha_128_and_separate_mask
175,rom-animation-table,-1,-1,0x0ABD,0x02BD,3,3,0,3,30,45,2,2,preview_black_alpha_128_and_separate_mask
176,rom-animation-table,-1,-1,0x0ABD,0x02BD,3,3,0,4,0,48,2,2,preview_black_alpha_128_and_separate_mask
177,rom-animation-table,-1,-1,0x0AC6,0x02C6,3,3,0,2,3,48,2,2,preview_black_alpha_128_and_separate_mask
178,rom-animation-table,-1,-1,0x0AC6,0x02C6,3,3,0,3,6,48,2,2,preview_black_alpha_128_and_separate_mask
179,rom-animation-table,-1,-1,0x0AC6,0x02C6,3,3,0,4,9,48,2,2,preview_black_alpha_128_and_separate_mask
180,rom-animation-table,-1,-1,0x0ACF,0x02CF,3,3,0,2,12,48,2,2,preview_black_alpha_128_and_separate_mask
181,rom-animation-table,-1,-1,0x0ACF,0x02CF,3,3,0,3,15,48,2,2,preview_black_alpha_128_and_separate_mask
182,rom-animation-table,-1,-1,0x0ACF,0x02CF,3,3,0,4,18,48,2,2,preview_black_alpha_128_and_separate_mask
183,rom-animation-table,-1,-1,0x0AD8,0x02D8,3,3,0,2,21,48,2,2,preview_black_alpha_128_and_separate_mask
184,rom-animation-table,-1,-1,0x0AD8,0x02D8,3,3,0,3,24,48,2,2,preview_black_alpha_128_and_separate_mask
185,rom-animation-table,-1,-1,0x0AD8,0x02D8,3,3,0,4,27,48,2,2,preview_black_alpha_128_and_separate_mask
186,rom-animation-table,-1,-1,0x0AE1,0x02E1,3,3,0,2,30,48,2,2,preview_black_alpha_128_and_separate_mask
187,rom-animation-table,-1,-1,0x0AE1,0x02E1,3,3,0,3,0,51,2,2,preview_black_alpha_128_and_separate_mask
188,rom-animation-table,-1,-1,0x0AE1,0x02E1,3,3,0,4,3,51,2,2,preview_black_alpha_128_and_separate_mask
189,rom-animation-table,-1,-1,0x0AEA,0x02EA,3,3,0,2,6,51,2,2,preview_black_alpha_128_and_separate_mask
190,rom-animation-table,-1,-1,0x0AEA,0x02EA,3,3,0,3,9,51,2,2,preview_black_alpha_128_and_separate_mask
191,rom-animation-table,-1,-1,0x0AEA,0x02EA,3,3,0,4,12,51,2,2,preview_black_alpha_128_and_separate_mask
192,rom-animation-table,-1,-1,0x0AF3,0x02F3,3,3,0,2,15,51,2,2,preview_black_alpha_128_and_separate_mask
193,rom-animation-table,-1,-1,0x0AF3,0x02F3,3,3,0,3,18,51,2,2,preview_black_alpha_128_and_separate_mask
194,rom-animation-table,-1,-1,0x0AF3,0x02F3,3,3,0,4,21,51,2,2,preview_black_alpha_128_and_separate_mask
195,mame-trace,900,92,0x0AFC,0x02FC,2,2,0,1,24,51,1,1,preview_black_alpha_128_and_separate_mask
196,rom-animation-table,-1,-1,0x0B00,0x0300,3,3,0,2,26,51,2,2,preview_black_alpha_128_and_separate_mask
197,rom-animation-table,-1,-1,0x0B00,0x0300,3,3,0,3,29,51,2,2,preview_black_alpha_128_and_separate_mask
198,rom-animation-table,-1,-1,0x0B00,0x0300,3,3,0,4,0,54,2,2,preview_black_alpha_128_and_separate_mask
199,rom-animation-table,-1,-1,0x0B09,0x0309,3,3,0,2,3,54,2,2,preview_black_alpha_128_and_separate_mask
200,rom-animation-table,-1,-1,0x0B09,0x0309,3,3,0,3,6,54,2,2,preview_black_alpha_128_and_separate_mask
201,rom-animation-table,-1,-1,0x0B09,0x0309,3,3,0,4,9,54,2,2,preview_black_alpha_128_and_separate_mask
202,rom-animation-table,-1,-1,0x0B12,0x0312,3,3,0,2,12,54,2,2,preview_black_alpha_128_and_separate_mask
203,rom-animation-table,-1,-1,0x0B12,0x0312,3,3,0,3,15,54,2,2,preview_black_alpha_128_and_separate_mask
204,rom-animation-table,-1,-1,0x0B12,0x0312,3,3,0,4,18,54,2,2,preview_black_alpha_128_and_separate_mask
205,rom-animation-table,-1,-1,0x0B1B,0x031B,3,3,0,2,21,54,2,2,preview_black_alpha_128_and_separate_mask
206,rom-animation-table,-1,-1,0x0B1B,0x031B,3,3,0,3,24,54,2,2,preview_black_alpha_128_and_separate_mask
207,rom-animation-table,-1,-1,0x0B1B,0x031B,3,3,0,4,27,54,2,2,preview_black_alpha_128_and_separate_mask
208,rom-animation-table,-1,-1,0x0B24,0x0324,3,3,0,2,30,54,2,2,preview_black_alpha_128_and_separate_mask
209,rom-animation-table,-1,-1,0x0B24,0x0324,3,3,0,3,0,57,2,2,preview_black_alpha_128_and_separate_mask
210,rom-animation-table,-1,-1,0x0B24,0x0324,3,3,0,4,3,57,2,2,preview_black_alpha_128_and_separate_mask
211,rom-animation-table,-1,-1,0x0B2D,0x032D,3,3,0,2,6,57,2,2,preview_black_alpha_128_and_separate_mask
212,rom-animation-table,-1,-1,0x0B2D,0x032D,3,3,0,3,9,57,2,2,preview_black_alpha_128_and_separate_mask
213,rom-animation-table,-1,-1,0x0B2D,0x032D,3,3,0,4,12,57,2,2,preview_black_alpha_128_and_separate_mask
214,rom-animation-table,-1,-1,0x0B36,0x0336,3,3,0,2,15,57,2,2,preview_black_alpha_128_and_separate_mask
215,rom-animation-table,-1,-1,0x0B36,0x0336,3,3,0,3,18,57,2,2,preview_black_alpha_128_and_separate_mask
216,rom-animation-table,-1,-1,0x0B36,0x0336,3,3,0,4,21,57,2,2,preview_black_alpha_128_and_separate_mask
217,rom-animation-table,-1,-1,0x0B3F,0x033F,3,3,0,2,24,57,2,2,preview_black_alpha_128_and_separate_mask
218,rom-animation-table,-1,-1,0x0B3F,0x033F,3,3,0,3,27,57,2,2,preview_black_alpha_128_and_separate_mask
219,rom-animation-table,-1,-1,0x0B3F,0x033F,3,3,0,4,30,57,2,2,preview_black_alpha_128_and_separate_mask
220,rom-animation-table,-1,-1,0x0B48,0x0348,3,3,0,2,0,60,2,2,preview_black_alpha_128_and_separate_mask
221,rom-animation-table,-1,-1,0x0B48,0x0348,3,3,0,3,3,60,2,2,preview_black_alpha_128_and_separate_mask
222,rom-animation-table,-1,-1,0x0B48,0x0348,3,3,0,4,6,60,2,2,preview_black_alpha_128_and_separate_mask
223,rom-animation-table,-1,-1,0x0B51,0x0351,3,3,0,2,9,60,2,2,preview_black_alpha_128_and_separate_mask
224,rom-animation-table,-1,-1,0x0B51,0x0351,3,3,0,3,12,60,2,2,preview_black_alpha_128_and_separate_mask
225,rom-animation-table,-1,-1,0x0B51,0x0351,3,3,0,4,15,60,2,2,preview_black_alpha_128_and_separate_mask
226,rom-animation-table,-1,-1,0x0B5A,0x035A,3,3,0,2,18,60,2,2,preview_black_alpha_128_and_separate_mask
227,rom-animation-table,-1,-1,0x0B5A,0x035A,3,3,0,3,21,60,2,2,preview_black_alpha_128_and_separate_mask
228,rom-animation-table,-1,-1,0x0B5A,0x035A,3,3,0,4,24,60,2,2,preview_black_alpha_128_and_separate_mask
229,rom-energy-table,-1,-1,0x13A2,0x1BA2,3,3,0,9,27,60,2,2,preview_black_alpha_128_and_separate_mask
230,rom-energy-table,-1,-1,0x13A2,0x1BA2,3,3,0,10,30,60,2,2,preview_black_alpha_128_and_separate_mask
231,rom-energy-table,-1,-1,0x13A2,0x1BA2,3,3,0,11,0,63,2,2,preview_black_alpha_128_and_separate_mask
232,rom-animation-table,-1,-1,0x13AB,0x1BAB,3,3,0,12,3,63,2,2,preview_black_alpha_128_and_separate_mask
233,rom-animation-table,-1,-1,0x13AB,0x1BAB,3,3,0,13,6,63,2,2,preview_black_alpha_128_and_separate_mask
234,rom-animation-table,-1,-1,0x13AB,0x1BAB,3,3,0,14,9,63,2,2,preview_black_alpha_128_and_separate_mask
235,rom-animation-table,-1,-1,0x13AB,0x1BAB,3,3,0,15,12,63,2,2,preview_black_alpha_128_and_separate_mask
236,rom-animation-table,-1,-1,0x13B4,0x1BB4,3,3,0,12,15,63,2,2,preview_black_alpha_128_and_separate_mask
237,rom-animation-table,-1,-1,0x13B4,0x1BB4,3,3,0,13,18,63,2,2,preview_black_alpha_128_and_separate_mask
238,rom-animation-table,-1,-1,0x13B4,0x1BB4,3,3,0,14,21,63,2,2,preview_black_alpha_128_and_separate_mask
239,rom-animation-table,-1,-1,0x13B4,0x1BB4,3,3,0,15,24,63,2,2,preview_black_alpha_128_and_separate_mask
240,rom-animation-table,-1,-1,0x13BD,0x1BBD,3,3,0,9,27,63,2,2,preview_black_alpha_128_and_separate_mask
241,rom-animation-table,-1,-1,0x13BD,0x1BBD,3,3,0,10,30,63,2,2,preview_black_alpha_128_and_separate_mask
242,rom-animation-table,-1,-1,0x13BD,0x1BBD,3,3,0,11,0,66,2,2,preview_black_alpha_128_and_separate_mask
243,rom-animation-table,-1,-1,0x13BD,0x1BBD,3,3,0,12,3,66,2,2,preview_black_alpha_128_and_separate_mask
244,rom-animation-table,-1,-1,0x13BD,0x1BBD,3,3,0,13,6,66,2,2,preview_black_alpha_128_and_separate_mask
245,rom-animation-table,-1,-1,0x13BD,0x1BBD,3,3,0,14,9,66,2,2,preview_black_alpha_128_and_separate_mask
246,rom-animation-table,-1,-1,0x13BD,0x1BBD,3,3,0,15,12,66,2,2,preview_black_alpha_128_and_separate_mask
247,rom-animation-table,-1,-1,0x13C6,0x1BC6,3,3,0,12,15,66,2,2,preview_black_alpha_128_and_separate_mask
248,rom-animation-table,-1,-1,0x13C6,0x1BC6,3,3,0,13,18,66,2,2,preview_black_alpha_128_and_separate_mask
249,rom-animation-table,-1,-1,0x13C6,0x1BC6,3,3,0,14,21,66,2,2,preview_black_alpha_128_and_separate_mask
250,rom-animation-table,-1,-1,0x13C6,0x1BC6,3,3,0,15,24,66,2,2,preview_black_alpha_128_and_separate_mask
251,rom-animation-table,-1,-1,0x13CF,0x1BCF,3,3,0,12,27,66,2,2,preview_black_alpha_128_and_separate_mask
252,rom-animation-table,-1,-1,0x13CF,0x1BCF,3,3,0,13,30,66,2,2,preview_black_alpha_128_and_separate_mask
253,rom-animation-table,-1,-1,0x13CF,0x1BCF,3,3,0,14,0,69,2,2,preview_black_alpha_128_and_separate_mask
254,rom-animation-table,-1,-1,0x13CF,0x1BCF,3,3,0,15,3,69,2,2,preview_black_alpha_128_and_separate_mask
255,rom-animation-table,-1,-1,0x13D8,0x1BD8,3,3,0,9,6,69,2,2,preview_black_alpha_128_and_separate_mask
256,rom-animation-table,-1,-1,0x13D8,0x1BD8,3,3,0,10,9,69,2,2,preview_black_alpha_128_and_separate_mask
257,rom-animation-table,-1,-1,0x13D8,0x1BD8,3,3,0,11,12,69,2,2,preview_black_alpha_128_and_separate_mask
258,rom-animation-table,-1,-1,0x13D8,0x1BD8,3,3,0,12,15,69,2,2,preview_black_alpha_128_and_separate_mask
259,rom-animation-table,-1,-1,0x13D8,0x1BD8,3,3,0,13,18,69,2,2,preview_black_alpha_128_and_separate_mask
260,rom-animation-table,-1,-1,0x13D8,0x1BD8,3,3,0,14,21,69,2,2,preview_black_alpha_128_and_separate_mask
261,rom-animation-table,-1,-1,0x13D8,0x1BD8,3,3,0,15,24,69,2,2,preview_black_alpha_128_and_separate_mask
262,rom-animation-table,-1,-1,0x13E1,0x1BE1,3,3,0,12,27,69,2,2,preview_black_alpha_128_and_separate_mask
263,rom-animation-table,-1,-1,0x13E1,0x1BE1,3,3,0,13,30,69,2,2,preview_black_alpha_128_and_separate_mask
264,rom-animation-table,-1,-1,0x13E1,0x1BE1,3,3,0,14,0,72,2,2,preview_black_alpha_128_and_separate_mask
265,rom-animation-table,-1,-1,0x13E1,0x1BE1,3,3,0,15,3,72,2,2,preview_black_alpha_128_and_separate_mask
266,rom-animation-table,-1,-1,0x13EA,0x1BEA,3,3,0,12,6,72,2,2,preview_black_alpha_128_and_separate_mask
267,rom-animation-table,-1,-1,0x13EA,0x1BEA,3,3,0,13,9,72,2,2,preview_black_alpha_128_and_separate_mask
268,rom-animation-table,-1,-1,0x13EA,0x1BEA,3,3,0,14,12,72,2,2,preview_black_alpha_128_and_separate_mask
269,rom-animation-table,-1,-1,0x13EA,0x1BEA,3,3,0,15,15,72,2,2,preview_black_alpha_128_and_separate_mask
270,rom-animation-table,-1,-1,0x13F3,0x1BF3,3,3,0,9,18,72,2,2,preview_black_alpha_128_and_separate_mask
271,rom-animation-table,-1,-1,0x13F3,0x1BF3,3,3,0,10,21,72,2,2,preview_black_alpha_128_and_separate_mask
272,rom-animation-table,-1,-1,0x13F3,0x1BF3,3,3,0,11,24,72,2,2,preview_black_alpha_128_and_separate_mask
273,rom-animation-table,-1,-1,0x13F3,0x1BF3,3,3,0,12,27,72,2,2,preview_black_alpha_128_and_separate_mask
274,rom-animation-table,-1,-1,0x13F3,0x1BF3,3,3,0,13,30,72,2,2,preview_black_alpha_128_and_separate_mask
275,rom-animation-table,-1,-1,0x13F3,0x1BF3,3,3,0,14,0,75,2,2,preview_black_alpha_128_and_separate_mask
276,rom-animation-table,-1,-1,0x13F3,0x1BF3,3,3,0,15,3,75,2,2,preview_black_alpha_128_and_separate_mask
277,rom-animation-table,-1,-1,0x1400,0x1C00,3,3,0,12,6,75,2,2,preview_black_alpha_128_and_separate_mask
278,rom-animation-table,-1,-1,0x1400,0x1C00,3,3,0,13,9,75,2,2,preview_black_alpha_128_and_separate_mask
279,rom-animation-table,-1,-1,0x1400,0x1C00,3,3,0,14,12,75,2,2,preview_black_alpha_128_and_separate_mask
280,rom-animation-table,-1,-1,0x1400,0x1C00,3,3,0,15,15,75,2,2,preview_black_alpha_128_and_separate_mask
281,rom-animation-table,-1,-1,0x1409,0x1C09,3,3,0,12,18,75,2,2,preview_black_alpha_128_and_separate_mask
282,rom-animation-table,-1,-1,0x1409,0x1C09,3,3,0,13,21,75,2,2,preview_black_alpha_128_and_separate_mask
283,rom-animation-table,-1,-1,0x1409,0x1C09,3,3,0,14,24,75,2,2,preview_black_alpha_128_and_separate_mask
284,rom-animation-table,-1,-1,0x1409,0x1C09,3,3,0,15,27,75,2,2,preview_black_alpha_128_and_separate_mask
285,rom-animation-table,-1,-1,0x15A2,0x1DA2,3,3,0,12,30,75,2,2,preview_black_alpha_128_and_separate_mask
286,rom-animation-table,-1,-1,0x15A2,0x1DA2,3,3,0,13,0,78,2,2,preview_black_alpha_128_and_separate_mask
287,rom-animation-table,-1,-1,0x15A2,0x1DA2,3,3,0,14,3,78,2,2,preview_black_alpha_128_and_separate_mask
288,rom-animation-table,-1,-1,0x15A2,0x1DA2,3,3,0,15,6,78,2,2,preview_black_alpha_128_and_separate_mask
289,rom-animation-table,-1,-1,0x15AB,0x1DAB,3,3,0,12,9,78,2,2,preview_black_alpha_128_and_separate_mask
290,rom-animation-table,-1,-1,0x15AB,0x1DAB,3,3,0,13,12,78,2,2,preview_black_alpha_128_and_separate_mask
291,rom-animation-table,-1,-1,0x15AB,0x1DAB,3,3,0,14,15,78,2,2,preview_black_alpha_128_and_separate_mask
292,rom-animation-table,-1,-1,0x15AB,0x1DAB,3,3,0,15,18,78,2,2,preview_black_alpha_128_and_separate_mask
293,rom-animation-table,-1,-1,0x15B4,0x1DB4,3,3,0,12,21,78,2,2,preview_black_alpha_128_and_separate_mask
294,rom-animation-table,-1,-1,0x15B4,0x1DB4,3,3,0,13,24,78,2,2,preview_black_alpha_128_and_separate_mask
295,rom-animation-table,-1,-1,0x15B4,0x1DB4,3,3,0,14,27,78,2,2,preview_black_alpha_128_and_separate_mask
296,rom-animation-table,-1,-1,0x15B4,0x1DB4,3,3,0,15,30,78,2,2,preview_black_alpha_128_and_separate_mask
297,rom-animation-table,-1,-1,0x15BD,0x1DBD,3,3,0,12,0,81,2,2,preview_black_alpha_128_and_separate_mask
298,rom-animation-table,-1,-1,0x15BD,0x1DBD,3,3,0,13,3,81,2,2,preview_black_alpha_128_and_separate_mask
299,rom-animation-table,-1,-1,0x15BD,0x1DBD,3,3,0,14,6,81,2,2,preview_black_alpha_128_and_separate_mask
300,rom-animation-table,-1,-1,0x15BD,0x1DBD,3,3,0,15,9,81,2,2,preview_black_alpha_128_and_separate_mask
301,rom-animation-table,-1,-1,0x15C6,0x1DC6,3,3,0,12,12,81,2,2,preview_black_alpha_128_and_separate_mask
302,rom-animation-table,-1,-1,0x15C6,0x1DC6,3,3,0,13,15,81,2,2,preview_black_alpha_128_and_separate_mask
303,rom-animation-table,-1,-1,0x15C6,0x1DC6,3,3,0,14,18,81,2,2,preview_black_alpha_128_and_separate_mask
304,rom-animation-table,-1,-1,0x15C6,0x1DC6,3,3,0,15,21,81,2,2,preview_black_alpha_128_and_separate_mask
305,rom-animation-table,-1,-1,0x15D8,0x1DD8,3,3,0,12,24,81,2,2,preview_black_alpha_128_and_separate_mask
306,rom-animation-table,-1,-1,0x15D8,0x1DD8,3,3,0,13,27,81,2,2,preview_black_alpha_128_and_separate_mask
307,rom-animation-table,-1,-1,0x15D8,0x1DD8,3,3,0,14,30,81,2,2,preview_black_alpha_128_and_separate_mask
308,rom-animation-table,-1,-1,0x15D8,0x1DD8,3,3,0,15,0,84,2,2,preview_black_alpha_128_and_separate_mask
309,rom-animation-table,-1,-1,0x15E1,0x1DE1,3,3,0,12,3,84,2,2,preview_black_alpha_128_and_separate_mask
310,rom-animation-table,-1,-1,0x15E1,0x1DE1,3,3,0,13,6,84,2,2,preview_black_alpha_128_and_separate_mask
311,rom-animation-table,-1,-1,0x15E1,0x1DE1,3,3,0,14,9,84,2,2,preview_black_alpha_128_and_separate_mask
312,rom-animation-table,-1,-1,0x15E1,0x1DE1,3,3,0,15,12,84,2,2,preview_black_alpha_128_and_separate_mask
313,rom-animation-table,-1,-1,0x15EA,0x1DEA,3,3,0,12,15,84,2,2,preview_black_alpha_128_and_separate_mask
314,rom-animation-table,-1,-1,0x15EA,0x1DEA,3,3,0,13,18,84,2,2,preview_black_alpha_128_and_separate_mask
315,rom-animation-table,-1,-1,0x15EA,0x1DEA,3,3,0,14,21,84,2,2,preview_black_alpha_128_and_separate_mask
316,rom-animation-table,-1,-1,0x15EA,0x1DEA,3,3,0,15,24,84,2,2,preview_black_alpha_128_and_separate_mask
317,rom-animation-table,-1,-1,0x15F3,0x1DF3,3,3,0,12,27,84,2,2,preview_black_alpha_128_and_separate_mask
318,rom-animation-table,-1,-1,0x15F3,0x1DF3,3,3,0,13,30,84,2,2,preview_black_alpha_128_and_separate_mask
319,rom-animation-table,-1,-1,0x15F3,0x1DF3,3,3,0,14,0,87,2,2,preview_black_alpha_128_and_separate_mask
320,rom-animation-table,-1,-1,0x15F3,0x1DF3,3,3,0,15,3,87,2,2,preview_black_alpha_128_and_separate_mask
321,rom-animation-table,-1,-1,0x1600,0x1E00,3,3,0,12,6,87,2,2,preview_black_alpha_128_and_separate_mask
322,rom-animation-table,-1,-1,0x1600,0x1E00,3,3,0,13,9,87,2,2,preview_black_alpha_128_and_separate_mask
323,rom-animation-table,-1,-1,0x1600,0x1E00,3,3,0,14,12,87,2,2,preview_black_alpha_128_and_separate_mask
324,rom-animation-table,-1,-1,0x1600,0x1E00,3,3,0,15,15,87,2,2,preview_black_alpha_128_and_separate_mask
325,rom-animation-table,-1,-1,0x1609,0x1E09,3,3,0,12,18,87,2,2,preview_black_alpha_128_and_separate_mask
326,rom-animation-table,-1,-1,0x1609,0x1E09,3,3,0,13,21,87,2,2,preview_black_alpha_128_and_separate_mask
327,rom-animation-table,-1,-1,0x1609,0x1E09,3,3,0,14,24,87,2,2,preview_black_alpha_128_and_separate_mask
328,rom-animation-table,-1,-1,0x1609,0x1E09,3,3,0,15,27,87,2,2,preview_black_alpha_128_and_separate_mask
329,rom-animation-table,-1,-1,0x1612,0x1E12,3,3,0,12,30,87,2,2,preview_black_alpha_128_and_separate_mask
330,rom-animation-table,-1,-1,0x1612,0x1E12,3,3,0,13,0,90,2,2,preview_black_alpha_128_and_separate_mask
331,rom-animation-table,-1,-1,0x1612,0x1E12,3,3,0,14,3,90,2,2,preview_black_alpha_128_and_separate_mask
332,mame-trace,900,82,0x1612,0x1E12,3,3,0,15,6,90,2,2,preview_black_alpha_128_and_separate_mask
333,rom-animation-table,-1,-1,0x161B,0x1E1B,3,3,0,12,9,90,2,2,preview_black_alpha_128_and_separate_mask
334,rom-animation-table,-1,-1,0x161B,0x1E1B,3,3,0,13,12,90,2,2,preview_black_alpha_128_and_separate_mask
335,rom-animation-table,-1,-1,0x161B,0x1E1B,3,3,0,14,15,90,2,2,preview_black_alpha_128_and_separate_mask
336,mame-trace,903,83,0x161B,0x1E1B,3,3,0,15,18,90,2,2,preview_black_alpha_128_and_separate_mask
337,rom-animation-table,-1,-1,0x1624,0x1E24,3,3,0,12,21,90,2,2,preview_black_alpha_128_and_separate_mask
338,rom-animation-table,-1,-1,0x1624,0x1E24,3,3,0,13,24,90,2,2,preview_black_alpha_128_and_separate_mask
339,rom-animation-table,-1,-1,0x1624,0x1E24,3,3,0,14,27,90,2,2,preview_black_alpha_128_and_separate_mask
340,mame-trace,907,83,0x1624,0x1E24,3,3,0,15,30,90,2,2,preview_black_alpha_128_and_separate_mask
341,rom-animation-table,-1,-1,0x162D,0x1E2D,3,3,0,12,0,93,2,2,preview_black_alpha_128_and_separate_mask
342,rom-animation-table,-1,-1,0x162D,0x1E2D,3,3,0,13,3,93,2,2,preview_black_alpha_128_and_separate_mask
343,rom-animation-table,-1,-1,0x162D,0x1E2D,3,3,0,14,6,93,2,2,preview_black_alpha_128_and_separate_mask
344,rom-animation-table,-1,-1,0x162D,0x1E2D,3,3,0,15,9,93,2,2,preview_black_alpha_128_and_separate_mask
345,rom-animation-table,-1,-1,0x1636,0x1E36,3,3,0,12,12,93,2,2,preview_black_alpha_128_and_separate_mask
346,rom-animation-table,-1,-1,0x1636,0x1E36,3,3,0,13,15,93,2,2,preview_black_alpha_128_and_separate_mask
347,rom-animation-table,-1,-1,0x1636,0x1E36,3,3,0,14,18,93,2,2,preview_black_alpha_128_and_separate_mask
348,rom-animation-table,-1,-1,0x1636,0x1E36,3,3,0,15,21,93,2,2,preview_black_alpha_128_and_separate_mask
349,rom-animation-table,-1,-1,0x163F,0x1E3F,3,3,0,12,24,93,2,2,preview_black_alpha_128_and_separate_mask
350,rom-animation-table,-1,-1,0x163F,0x1E3F,3,3,0,13,27,93,2,2,preview_black_alpha_128_and_separate_mask
351,rom-animation-table,-1,-1,0x163F,0x1E3F,3,3,0,14,30,93,2,2,preview_black_alpha_128_and_separate_mask
352,rom-animation-table,-1,-1,0x163F,0x1E3F,3,3,0,15,0,96,2,2,preview_black_alpha_128_and_separate_mask
353,rom-animation-table,-1,-1,0x1648,0x1E48,3,3,0,12,3,96,2,2,preview_black_alpha_128_and_separate_mask
354,rom-animation-table,-1,-1,0x1648,0x1E48,3,3,0,13,6,96,2,2,preview_black_alpha_128_and_separate_mask
355,rom-animation-table,-1,-1,0x1648,0x1E48,3,3,0,14,9,96,2,2,preview_black_alpha_128_and_separate_mask
356,rom-animation-table,-1,-1,0x1648,0x1E48,3,3,0,15,12,96,2,2,preview_black_alpha_128_and_separate_mask
357,rom-animation-table,-1,-1,0x1651,0x1E51,3,3,0,12,15,96,2,2,preview_black_alpha_128_and_separate_mask
358,rom-animation-table,-1,-1,0x1651,0x1E51,3,3,0,13,18,96,2,2,preview_black_alpha_128_and_separate_mask
359,rom-animation-table,-1,-1,0x1651,0x1E51,3,3,0,14,21,96,2,2,preview_black_alpha_128_and_separate_mask
360,rom-animation-table,-1,-1,0x1651,0x1E51,3,3,0,15,24,96,2,2,preview_black_alpha_128_and_separate_mask
361,rom-animation-table,-1,-1,0x165A,0x1E5A,3,3,0,12,27,96,2,2,preview_black_alpha_128_and_separate_mask
362,rom-animation-table,-1,-1,0x165A,0x1E5A,3,3,0,13,30,96,2,2,preview_black_alpha_128_and_separate_mask
363,rom-animation-table,-1,-1,0x165A,0x1E5A,3,3,0,14,0,99,2,2,preview_black_alpha_128_and_separate_mask
364,rom-animation-table,-1,-1,0x165A,0x1E5A,3,3,0,15,3,99,2,2,preview_black_alpha_128_and_separate_mask
365,rom-animation-table,-1,-1,0x1663,0x1E63,3,3,0,12,6,99,2,2,preview_black_alpha_128_and_separate_mask
366,rom-animation-table,-1,-1,0x1663,0x1E63,3,3,0,13,9,99,2,2,preview_black_alpha_128_and_separate_mask
367,rom-animation-table,-1,-1,0x1663,0x1E63,3,3,0,14,12,99,2,2,preview_black_alpha_128_and_separate_mask
368,rom-animation-table,-1,-1,0x1663,0x1E63,3,3,0,15,15,99,2,2,preview_black_alpha_128_and_separate_mask
369,rom-animation-table,-1,-1,0x166C,0x1E6C,3,3,0,12,18,99,2,2,preview_black_alpha_128_and_separate_mask
370,rom-animation-table,-1,-1,0x166C,0x1E6C,3,3,0,13,21,99,2,2,preview_black_alpha_128_and_separate_mask
371,rom-animation-table,-1,-1,0x166C,0x1E6C,3,3,0,14,24,99,2,2,preview_black_alpha_128_and_separate_mask
372,rom-animation-table,-1,-1,0x166C,0x1E6C,3,3,0,15,27,99,2,2,preview_black_alpha_128_and_separate_mask
373,rom-animation-table,-1,-1,0x1675,0x1E75,3,3,0,12,30,99,2,2,preview_black_alpha_128_and_separate_mask
374,rom-animation-table,-1,-1,0x1675,0x1E75,3,3,0,13,0,102,2,2,preview_black_alpha_128_and_separate_mask
375,rom-animation-table,-1,-1,0x1675,0x1E75,3,3,0,14,3,102,2,2,preview_black_alpha_128_and_separate_mask
376,rom-animation-table,-1,-1,0x1675,0x1E75,3,3,0,15,6,102,2,2,preview_black_alpha_128_and_separate_mask
377,rom-animation-table,-1,-1,0x182D,0x102D,3,3,0,6,9,102,2,2,preview_black_alpha_128_and_separate_mask
378,rom-animation-table,-1,-1,0x182D,0x102D,3,3,0,7,12,102,2,2,preview_black_alpha_128_and_separate_mask
379,rom-animation-table,-1,-1,0x182D,0x102D,3,3,0,8,15,102,2,2,preview_black_alpha_128_and_separate_mask
380,rom-animation-table,-1,-1,0x1836,0x1036,3,3,0,6,18,102,2,2,preview_black_alpha_128_and_separate_mask
381,rom-animation-table,-1,-1,0x1836,0x1036,3,3,0,7,21,102,2,2,preview_black_alpha_128_and_separate_mask
382,rom-animation-table,-1,-1,0x1836,0x1036,3,3,0,8,24,102,2,2,preview_black_alpha_128_and_separate_mask
383,rom-energy-table,-1,-1,0x183F,0x103F,3,3,0,6,27,102,2,2,preview_black_alpha_128_and_separate_mask
384,rom-energy-table,-1,-1,0x183F,0x103F,3,3,0,7,30,102,2,2,preview_black_alpha_128_and_separate_mask
385,rom-energy-table,-1,-1,0x183F,0x103F,3,3,0,8,0,105,2,2,preview_black_alpha_128_and_separate_mask
386,rom-animation-table,-1,-1,0x1848,0x1048,3,3,0,6,3,105,2,2,preview_black_alpha_128_and_separate_mask
387,rom-animation-table,-1,-1,0x1848,0x1048,3,3,0,7,6,105,2,2,preview_black_alpha_128_and_separate_mask
388,rom-animation-table,-1,-1,0x1848,0x1048,3,3,0,8,9,105,2,2,preview_black_alpha_128_and_separate_mask
389,rom-animation-table,-1,-1,0x1851,0x1051,3,3,0,6,12,105,2,2,preview_black_alpha_128_and_separate_mask
390,rom-animation-table,-1,-1,0x1851,0x1051,3,3,0,7,15,105,2,2,preview_black_alpha_128_and_separate_mask
391,rom-animation-table,-1,-1,0x1851,0x1051,3,3,0,8,18,105,2,2,preview_black_alpha_128_and_separate_mask
392,rom-animation-table,-1,-1,0x185A,0x105A,3,3,0,6,21,105,2,2,preview_black_alpha_128_and_separate_mask
393,rom-animation-table,-1,-1,0x185A,0x105A,3,3,0,7,24,105,2,2,preview_black_alpha_128_and_separate_mask
394,rom-animation-table,-1,-1,0x185A,0x105A,3,3,0,8,27,105,2,2,preview_black_alpha_128_and_separate_mask
395,rom-animation-table,-1,-1,0x1863,0x1063,3,3,0,6,30,105,2,2,preview_black_alpha_128_and_separate_mask
396,rom-animation-table,-1,-1,0x1863,0x1063,3,3,0,7,0,108,2,2,preview_black_alpha_128_and_separate_mask
397,rom-animation-table,-1,-1,0x1863,0x1063,3,3,0,8,3,108,2,2,preview_black_alpha_128_and_separate_mask
398,rom-animation-table,-1,-1,0x186C,0x106C,3,3,0,6,6,108,2,2,preview_black_alpha_128_and_separate_mask
399,rom-animation-table,-1,-1,0x186C,0x106C,3,3,0,7,9,108,2,2,preview_black_alpha_128_and_separate_mask
400,rom-animation-table,-1,-1,0x186C,0x106C,3,3,0,8,12,108,2,2,preview_black_alpha_128_and_separate_mask
401,rom-animation-table,-1,-1,0x1875,0x1075,3,3,0,6,15,108,2,2,preview_black_alpha_128_and_separate_mask
402,rom-animation-table,-1,-1,0x1875,0x1075,3,3,0,7,18,108,2,2,preview_black_alpha_128_and_separate_mask
403,rom-animation-table,-1,-1,0x1875,0x1075,3,3,0,8,21,108,2,2,preview_black_alpha_128_and_separate_mask
404,rom-animation-table,-1,-1,0x187E,0x107E,3,3,0,6,24,108,2,2,preview_black_alpha_128_and_separate_mask
405,rom-animation-table,-1,-1,0x187E,0x107E,3,3,0,7,27,108,2,2,preview_black_alpha_128_and_separate_mask
406,rom-animation-table,-1,-1,0x187E,0x107E,3,3,0,8,30,108,2,2,preview_black_alpha_128_and_separate_mask
407,rom-animation-table,-1,-1,0x1887,0x1087,3,3,0,6,0,111,2,2,preview_black_alpha_128_and_separate_mask
408,rom-animation-table,-1,-1,0x1887,0x1087,3,3,0,7,3,111,2,2,preview_black_alpha_128_and_separate_mask
409,rom-animation-table,-1,-1,0x1887,0x1087,3,3,0,8,6,111,2,2,preview_black_alpha_128_and_separate_mask
410,rom-animation-table,-1,-1,0x1890,0x1090,3,3,0,6,9,111,2,2,preview_black_alpha_128_and_separate_mask
411,rom-animation-table,-1,-1,0x1890,0x1090,3,3,0,7,12,111,2,2,preview_black_alpha_128_and_separate_mask
412,rom-animation-table,-1,-1,0x1890,0x1090,3,3,0,8,15,111,2,2,preview_black_alpha_128_and_separate_mask
413,rom-animation-table,-1,-1,0x1899,0x1099,3,3,0,6,18,111,2,2,preview_black_alpha_128_and_separate_mask
414,rom-animation-table,-1,-1,0x1899,0x1099,3,3,0,7,21,111,2,2,preview_black_alpha_128_and_separate_mask
415,rom-animation-table,-1,-1,0x1899,0x1099,3,3,0,8,24,111,2,2,preview_black_alpha_128_and_separate_mask
416,rom-animation-table,-1,-1,0x18A2,0x10A2,3,3,0,6,27,111,2,2,preview_black_alpha_128_and_separate_mask
417,rom-animation-table,-1,-1,0x18A2,0x10A2,3,3,0,7,30,111,2,2,preview_black_alpha_128_and_separate_mask
418,rom-animation-table,-1,-1,0x18A2,0x10A2,3,3,0,8,0,114,2,2,preview_black_alpha_128_and_separate_mask
419,rom-animation-table,-1,-1,0x18AB,0x10AB,3,3,0,6,3,114,2,2,preview_black_alpha_128_and_separate_mask
420,rom-animation-table,-1,-1,0x18AB,0x10AB,3,3,0,7,6,114,2,2,preview_black_alpha_128_and_separate_mask
421,rom-animation-table,-1,-1,0x18AB,0x10AB,3,3,0,8,9,114,2,2,preview_black_alpha_128_and_separate_mask
422,rom-animation-table,-1,-1,0x18B4,0x10B4,3,3,0,6,12,114,2,2,preview_black_alpha_128_and_separate_mask
423,rom-animation-table,-1,-1,0x18B4,0x10B4,3,3,0,7,15,114,2,2,preview_black_alpha_128_and_separate_mask
424,rom-animation-table,-1,-1,0x18B4,0x10B4,3,3,0,8,18,114,2,2,preview_black_alpha_128_and_separate_mask
425,rom-animation-table,-1,-1,0x18BD,0x10BD,3,3,0,6,21,114,2,2,preview_black_alpha_128_and_separate_mask
426,rom-animation-table,-1,-1,0x18BD,0x10BD,3,3,0,7,24,114,2,2,preview_black_alpha_128_and_separate_mask
427,rom-animation-table,-1,-1,0x18BD,0x10BD,3,3,0,8,27,114,2,2,preview_black_alpha_128_and_separate_mask
428,rom-animation-table,-1,-1,0x18C6,0x10C6,3,3,0,6,30,114,2,2,preview_black_alpha_128_and_separate_mask
429,rom-animation-table,-1,-1,0x18C6,0x10C6,3,3,0,7,0,117,2,2,preview_black_alpha_128_and_separate_mask
430,rom-animation-table,-1,-1,0x18C6,0x10C6,3,3,0,8,3,117,2,2,preview_black_alpha_128_and_separate_mask
431,rom-animation-table,-1,-1,0x18CF,0x10CF,3,3,0,6,6,117,2,2,preview_black_alpha_128_and_separate_mask
432,rom-animation-table,-1,-1,0x18CF,0x10CF,3,3,0,7,9,117,2,2,preview_black_alpha_128_and_separate_mask
433,rom-animation-table,-1,-1,0x18CF,0x10CF,3,3,0,8,12,117,2,2,preview_black_alpha_128_and_separate_mask
434,rom-animation-table,-1,-1,0x18D8,0x10D8,3,3,0,6,15,117,2,2,preview_black_alpha_128_and_separate_mask
435,rom-animation-table,-1,-1,0x18D8,0x10D8,3,3,0,7,18,117,2,2,preview_black_alpha_128_and_separate_mask
436,rom-animation-table,-1,-1,0x18D8,0x10D8,3,3,0,8,21,117,2,2,preview_black_alpha_128_and_separate_mask
437,rom-animation-table,-1,-1,0x18E1,0x10E1,3,3,0,6,24,117,2,2,preview_black_alpha_128_and_separate_mask
438,rom-animation-table,-1,-1,0x18E1,0x10E1,3,3,0,7,27,117,2,2,preview_black_alpha_128_and_separate_mask
439,rom-animation-table,-1,-1,0x18E1,0x10E1,3,3,0,8,30,117,2,2,preview_black_alpha_128_and_separate_mask
440,rom-animation-table,-1,-1,0x18EA,0x10EA,3,3,0,6,0,120,2,2,preview_black_alpha_128_and_separate_mask
441,rom-animation-table,-1,-1,0x18EA,0x10EA,3,3,0,7,3,120,2,2,preview_black_alpha_128_and_separate_mask
442,rom-animation-table,-1,-1,0x18EA,0x10EA,3,3,0,8,6,120,2,2,preview_black_alpha_128_and_separate_mask
443,rom-animation-table,-1,-1,0x18F3,0x10F3,3,3,0,6,9,120,2,2,preview_black_alpha_128_and_separate_mask
444,rom-animation-table,-1,-1,0x18F3,0x10F3,3,3,0,7,12,120,2,2,preview_black_alpha_128_and_separate_mask
445,rom-animation-table,-1,-1,0x18F3,0x10F3,3,3,0,8,15,120,2,2,preview_black_alpha_128_and_separate_mask
446,rom-animation-table,-1,-1,0x1900,0x1100,3,3,0,6,18,120,2,2,preview_black_alpha_128_and_separate_mask
447,rom-animation-table,-1,-1,0x1900,0x1100,3,3,0,7,21,120,2,2,preview_black_alpha_128_and_separate_mask
448,rom-animation-table,-1,-1,0x1900,0x1100,3,3,0,8,24,120,2,2,preview_black_alpha_128_and_separate_mask
449,rom-animation-table,-1,-1,0x1909,0x1109,3,3,0,6,27,120,2,2,preview_black_alpha_128_and_separate_mask
450,rom-animation-table,-1,-1,0x1909,0x1109,3,3,0,7,30,120,2,2,preview_black_alpha_128_and_separate_mask
451,rom-animation-table,-1,-1,0x1909,0x1109,3,3,0,8,0,123,2,2,preview_black_alpha_128_and_separate_mask
452,rom-animation-table,-1,-1,0x1912,0x1112,3,3,0,6,3,123,2,2,preview_black_alpha_128_and_separate_mask
453,rom-animation-table,-1,-1,0x1912,0x1112,3,3,0,7,6,123,2,2,preview_black_alpha_128_and_separate_mask
454,rom-animation-table,-1,-1,0x1912,0x1112,3,3,0,8,9,123,2,2,preview_black_alpha_128_and_separate_mask
455,rom-animation-table,-1,-1,0x191B,0x111B,3,3,0,6,12,123,2,2,preview_black_alpha_128_and_separate_mask
456,rom-animation-table,-1,-1,0x191B,0x111B,3,3,0,7,15,123,2,2,preview_black_alpha_128_and_separate_mask
457,rom-animation-table,-1,-1,0x191B,0x111B,3,3,0,8,18,123,2,2,preview_black_alpha_128_and_separate_mask
458,rom-animation-table,-1,-1,0x1924,0x1124,3,3,0,6,21,123,2,2,preview_black_alpha_128_and_separate_mask
459,rom-animation-table,-1,-1,0x1924,0x1124,3,3,0,7,24,123,2,2,preview_black_alpha_128_and_separate_mask
460,rom-animation-table,-1,-1,0x1924,0x1124,3,3,0,8,27,123,2,2,preview_black_alpha_128_and_separate_mask
461,rom-animation-table,-1,-1,0x192D,0x112D,3,3,0,6,30,123,2,2,preview_black_alpha_128_and_separate_mask
462,rom-animation-table,-1,-1,0x192D,0x112D,3,3,0,7,0,126,2,2,preview_black_alpha_128_and_separate_mask
463,rom-animation-table,-1,-1,0x192D,0x112D,3,3,0,8,3,126,2,2,preview_black_alpha_128_and_separate_mask
464,rom-animation-table,-1,-1,0x1936,0x1136,3,3,0,6,6,126,2,2,preview_black_alpha_128_and_separate_mask
465,rom-animation-table,-1,-1,0x1936,0x1136,3,3,0,7,9,126,2,2,preview_black_alpha_128_and_separate_mask
466,rom-animation-table,-1,-1,0x1936,0x1136,3,3,0,8,12,126,2,2,preview_black_alpha_128_and_separate_mask
467,rom-animation-table,-1,-1,0x193F,0x113F,3,3,0,6,15,126,2,2,preview_black_alpha_128_and_separate_mask
468,rom-animation-table,-1,-1,0x193F,0x113F,3,3,0,7,18,126,2,2,preview_black_alpha_128_and_separate_mask
469,rom-animation-table,-1,-1,0x193F,0x113F,3,3,0,8,21,126,2,2,preview_black_alpha_128_and_separate_mask
470,rom-animation-table,-1,-1,0x1948,0x1148,3,3,0,6,24,126,2,2,preview_black_alpha_128_and_separate_mask
471,rom-animation-table,-1,-1,0x1948,0x1148,3,3,0,7,27,126,2,2,preview_black_alpha_128_and_separate_mask
472,rom-animation-table,-1,-1,0x1948,0x1148,3,3,0,8,30,126,2,2,preview_black_alpha_128_and_separate_mask
473,rom-animation-table,-1,-1,0x1951,0x1151,3,3,0,6,0,129,2,2,preview_black_alpha_128_and_separate_mask
474,rom-animation-table,-1,-1,0x1951,0x1151,3,3,0,7,3,129,2,2,preview_black_alpha_128_and_separate_mask
475,rom-animation-table,-1,-1,0x1951,0x1151,3,3,0,8,6,129,2,2,preview_black_alpha_128_and_separate_mask
476,rom-animation-table,-1,-1,0x195A,0x115A,3,3,0,6,9,129,2,2,preview_black_alpha_128_and_separate_mask
477,rom-animation-table,-1,-1,0x195A,0x115A,3,3,0,7,12,129,2,2,preview_black_alpha_128_and_separate_mask
478,rom-animation-table,-1,-1,0x195A,0x115A,3,3,0,8,15,129,2,2,preview_black_alpha_128_and_separate_mask
479,rom-animation-table,-1,-1,0x1963,0x1163,3,3,0,6,18,129,2,2,preview_black_alpha_128_and_separate_mask
480,rom-animation-table,-1,-1,0x1963,0x1163,3,3,0,7,21,129,2,2,preview_black_alpha_128_and_separate_mask
481,rom-animation-table,-1,-1,0x1963,0x1163,3,3,0,8,24,129,2,2,preview_black_alpha_128_and_separate_mask
482,rom-animation-table,-1,-1,0x196C,0x116C,3,3,0,6,27,129,2,2,preview_black_alpha_128_and_separate_mask
483,rom-animation-table,-1,-1,0x196C,0x116C,3,3,0,7,30,129,2,2,preview_black_alpha_128_and_separate_mask
484,rom-animation-table,-1,-1,0x196C,0x116C,3,3,0,8,0,132,2,2,preview_black_alpha_128_and_separate_mask
485,rom-animation-table,-1,-1,0x1975,0x1175,3,3,0,6,3,132,2,2,preview_black_alpha_128_and_separate_mask
486,rom-animation-table,-1,-1,0x1975,0x1175,3,3,0,7,6,132,2,2,preview_black_alpha_128_and_separate_mask
487,rom-animation-table,-1,-1,0x1975,0x1175,3,3,0,8,9,132,2,2,preview_black_alpha_128_and_separate_mask
488,rom-animation-table,-1,-1,0x197E,0x117E,3,3,0,6,12,132,2,2,preview_black_alpha_128_and_separate_mask
489,rom-animation-table,-1,-1,0x197E,0x117E,3,3,0,7,15,132,2,2,preview_black_alpha_128_and_separate_mask
490,rom-animation-table,-1,-1,0x197E,0x117E,3,3,0,8,18,132,2,2,preview_black_alpha_128_and_separate_mask
491,rom-animation-table,-1,-1,0x1987,0x1187,3,3,0,6,21,132,2,2,preview_black_alpha_128_and_separate_mask
492,rom-animation-table,-1,-1,0x1987,0x1187,3,3,0,7,24,132,2,2,preview_black_alpha_128_and_separate_mask
493,rom-animation-table,-1,-1,0x1987,0x1187,3,3,0,8,27,132,2,2,preview_black_alpha_128_and_separate_mask
494,rom-animation-table,-1,-1,0x1990,0x1190,3,3,0,6,30,132,2,2,preview_black_alpha_128_and_separate_mask
495,rom-animation-table,-1,-1,0x1990,0x1190,3,3,0,7,0,135,2,2,preview_black_alpha_128_and_separate_mask
496,rom-animation-table,-1,-1,0x1990,0x1190,3,3,0,8,3,135,2,2,preview_black_alpha_128_and_separate_mask
497,rom-animation-table,-1,-1,0x1999,0x1199,3,3,0,6,6,135,2,2,preview_black_alpha_128_and_separate_mask
498,rom-animation-table,-1,-1,0x1999,0x1199,3,3,0,7,9,135,2,2,preview_black_alpha_128_and_separate_mask
499,rom-animation-table,-1,-1,0x1999,0x1199,3,3,0,8,12,135,2,2,preview_black_alpha_128_and_separate_mask
500,rom-animation-table,-1,-1,0x1B51,0x1351,3,2,0,9,15,135,2,1,preview_black_alpha_128_and_separate_mask
501,rom-animation-table,-1,-1,0x1B51,0x1351,3,2,0,10,18,135,2,1,preview_black_alpha_128_and_separate_mask
502,rom-animation-table,-1,-1,0x1B51,0x1351,3,2,0,11,21,135,2,1,preview_black_alpha_128_and_separate_mask
503,rom-energy-table,-1,-1,0x1B57,0x1357,3,2,0,9,24,135,2,1,preview_black_alpha_128_and_separate_mask
504,rom-energy-table,-1,-1,0x1B57,0x1357,3,2,0,10,27,135,2,1,preview_black_alpha_128_and_separate_mask
505,rom-energy-table,-1,-1,0x1B57,0x1357,3,2,0,11,30,135,2,1,preview_black_alpha_128_and_separate_mask
506,rom-animation-table,-1,-1,0x1B5D,0x135D,3,2,0,9,0,138,2,1,preview_black_alpha_128_and_separate_mask
507,rom-animation-table,-1,-1,0x1B5D,0x135D,3,2,0,10,3,138,2,1,preview_black_alpha_128_and_separate_mask
508,rom-animation-table,-1,-1,0x1B5D,0x135D,3,2,0,11,6,138,2,1,preview_black_alpha_128_and_separate_mask
509,rom-animation-table,-1,-1,0x1B63,0x1363,3,2,0,9,9,138,2,1,preview_black_alpha_128_and_separate_mask
510,rom-animation-table,-1,-1,0x1B63,0x1363,3,2,0,10,12,138,2,1,preview_black_alpha_128_and_separate_mask
511,rom-animation-table,-1,-1,0x1B63,0x1363,3,2,0,11,15,138,2,1,preview_black_alpha_128_and_separate_mask
512,rom-animation-table,-1,-1,0x1B69,0x1369,3,2,0,9,18,138,2,1,preview_black_alpha_128_and_separate_mask
513,rom-animation-table,-1,-1,0x1B69,0x1369,3,2,0,10,21,138,2,1,preview_black_alpha_128_and_separate_mask
514,rom-animation-table,-1,-1,0x1B69,0x1369,3,2,0,11,24,138,2,1,preview_black_alpha_128_and_separate_mask
515,rom-animation-table,-1,-1,0x1B6F,0x136F,3,2,0,9,27,138,2,1,preview_black_alpha_128_and_separate_mask
516,rom-animation-table,-1,-1,0x1B6F,0x136F,3,2,0,10,30,138,2,1,preview_black_alpha_128_and_separate_mask
517,rom-animation-table,-1,-1,0x1B6F,0x136F,3,2,0,11,0,140,2,1,preview_black_alpha_128_and_separate_mask
518,rom-animation-table,-1,-1,0x1B75,0x1375,3,2,0,9,3,140,2,1,preview_black_alpha_128_and_separate_mask
519,rom-animation-table,-1,-1,0x1B75,0x1375,3,2,0,10,6,140,2,1,preview_black_alpha_128_and_separate_mask
520,rom-animation-table,-1,-1,0x1B75,0x1375,3,2,0,11,9,140,2,1,preview_black_alpha_128_and_separate_mask
521,rom-animation-table,-1,-1,0x1B7B,0x137B,3,2,0,9,12,140,2,1,preview_black_alpha_128_and_separate_mask
522,rom-animation-table,-1,-1,0x1B7B,0x137B,3,2,0,10,15,140,2,1,preview_black_alpha_128_and_separate_mask
523,rom-animation-table,-1,-1,0x1B7B,0x137B,3,2,0,11,18,140,2,1,preview_black_alpha_128_and_separate_mask
524,rom-animation-table,-1,-1,0x1B81,0x1381,3,2,0,9,21,140,2,1,preview_black_alpha_128_and_separate_mask
525,rom-animation-table,-1,-1,0x1B81,0x1381,3,2,0,10,24,140,2,1,preview_black_alpha_128_and_separate_mask
526,rom-animation-table,-1,-1,0x1B81,0x1381,3,2,0,11,27,140,2,1,preview_black_alpha_128_and_separate_mask
527,rom-animation-table,-1,-1,0x1B87,0x1387,3,2,0,9,30,140,2,1,preview_black_alpha_128_and_separate_mask
528,rom-animation-table,-1,-1,0x1B87,0x1387,3,2,0,10,0,142,2,1,preview_black_alpha_128_and_separate_mask
529,rom-animation-table,-1,-1,0x1B87,0x1387,3,2,0,11,3,142,2,1,preview_black_alpha_128_and_separate_mask
530,rom-animation-table,-1,-1,0x1B8D,0x138D,3,2,0,9,6,142,2,1,preview_black_alpha_128_and_separate_mask
531,rom-animation-table,-1,-1,0x1B8D,0x138D,3,2,0,10,9,142,2,1,preview_black_alpha_128_and_separate_mask
532,rom-animation-table,-1,-1,0x1B8D,0x138D,3,2,0,11,12,142,2,1,preview_black_alpha_128_and_separate_mask
533,rom-animation-table,-1,-1,0x1B93,0x1393,3,2,0,9,15,142,2,1,preview_black_alpha_128_and_separate_mask
534,rom-animation-table,-1,-1,0x1B93,0x1393,3,2,0,10,18,142,2,1,preview_black_alpha_128_and_separate_mask
535,rom-animation-table,-1,-1,0x1B93,0x1393,3,2,0,11,21,142,2,1,preview_black_alpha_128_and_separate_mask
536,rom-animation-table,-1,-1,0x1B99,0x1399,3,2,0,9,24,142,2,1,preview_black_alpha_128_and_separate_mask
537,rom-animation-table,-1,-1,0x1B99,0x1399,3,2,0,10,27,142,2,1,preview_black_alpha_128_and_separate_mask
538,rom-animation-table,-1,-1,0x1B99,0x1399,3,2,0,11,30,142,2,1,preview_black_alpha_128_and_separate_mask
539,rom-animation-table,-1,-1,0x1B9F,0x139F,3,2,0,9,0,144,2,1,preview_black_alpha_128_and_separate_mask
540,rom-animation-table,-1,-1,0x1B9F,0x139F,3,2,0,10,3,144,2,1,preview_black_alpha_128_and_separate_mask
541,rom-animation-table,-1,-1,0x1B9F,0x139F,3,2,0,11,6,144,2,1,preview_black_alpha_128_and_separate_mask
542,rom-animation-table,-1,-1,0x1BA5,0x13A5,3,2,0,9,9,144,2,1,preview_black_alpha_128_and_separate_mask
543,rom-animation-table,-1,-1,0x1BA5,0x13A5,3,2,0,10,12,144,2,1,preview_black_alpha_128_and_separate_mask
544,rom-animation-table,-1,-1,0x1BA5,0x13A5,3,2,0,11,15,144,2,1,preview_black_alpha_128_and_separate_mask
545,rom-animation-table,-1,-1,0x1BAB,0x13AB,3,2,0,9,18,144,2,1,preview_black_alpha_128_and_separate_mask
546,rom-animation-table,-1,-1,0x1BAB,0x13AB,3,2,0,10,21,144,2,1,preview_black_alpha_128_and_separate_mask
547,rom-animation-table,-1,-1,0x1BAB,0x13AB,3,2,0,11,24,144,2,1,preview_black_alpha_128_and_separate_mask
548,rom-animation-table,-1,-1,0x1BB1,0x13B1,3,2,0,9,27,144,2,1,preview_black_alpha_128_and_separate_mask
549,rom-animation-table,-1,-1,0x1BB1,0x13B1,3,2,0,10,30,144,2,1,preview_black_alpha_128_and_separate_mask
550,rom-animation-table,-1,-1,0x1BB1,0x13B1,3,2,0,11,0,146,2,1,preview_black_alpha_128_and_separate_mask
551,rom-animation-table,-1,-1,0x1BB7,0x13B7,3,2,0,9,3,146,2,1,preview_black_alpha_128_and_separate_mask
552,rom-animation-table,-1,-1,0x1BB7,0x13B7,3,2,0,10,6,146,2,1,preview_black_alpha_128_and_separate_mask
553,rom-animation-table,-1,-1,0x1BB7,0x13B7,3,2,0,11,9,146,2,1,preview_black_alpha_128_and_separate_mask
554,rom-animation-table,-1,-1,0x1BBD,0x13BD,3,2,0,9,12,146,2,1,preview_black_alpha_128_and_separate_mask
555,rom-animation-table,-1,-1,0x1BBD,0x13BD,3,2,0,10,15,146,2,1,preview_black_alpha_128_and_separate_mask
556,rom-animation-table,-1,-1,0x1BBD,0x13BD,3,2,0,11,18,146,2,1,preview_black_alpha_128_and_separate_mask
557,rom-animation-table,-1,-1,0x1BC7,0x13C7,3,2,0,9,21,146,2,1,preview_black_alpha_128_and_separate_mask
558,rom-animation-table,-1,-1,0x1BC7,0x13C7,3,2,0,10,24,146,2,1,preview_black_alpha_128_and_separate_mask
559,rom-animation-table,-1,-1,0x1BC7,0x13C7,3,2,0,11,27,146,2,1,preview_black_alpha_128_and_separate_mask
560,rom-animation-table,-1,-1,0x1BCD,0x13CD,3,2,0,9,30,146,2,1,preview_black_alpha_128_and_separate_mask
561,rom-animation-table,-1,-1,0x1BCD,0x13CD,3,2,0,10,0,148,2,1,preview_black_alpha_128_and_separate_mask
562,rom-animation-table,-1,-1,0x1BCD,0x13CD,3,2,0,11,3,148,2,1,preview_black_alpha_128_and_separate_mask
563,rom-animation-table,-1,-1,0x1BD3,0x13D3,3,2,0,9,6,148,2,1,preview_black_alpha_128_and_separate_mask
564,rom-animation-table,-1,-1,0x1BD3,0x13D3,3,2,0,10,9,148,2,1,preview_black_alpha_128_and_separate_mask
565,rom-animation-table,-1,-1,0x1BD3,0x13D3,3,2,0,11,12,148,2,1,preview_black_alpha_128_and_separate_mask
566,rom-animation-table,-1,-1,0x1BD9,0x13D9,3,2,0,9,15,148,2,1,preview_black_alpha_128_and_separate_mask
567,rom-animation-table,-1,-1,0x1BD9,0x13D9,3,2,0,10,18,148,2,1,preview_black_alpha_128_and_separate_mask
568,rom-animation-table,-1,-1,0x1BD9,0x13D9,3,2,0,11,21,148,2,1,preview_black_alpha_128_and_separate_mask
569,rom-animation-table,-1,-1,0x1BDF,0x13DF,3,2,0,9,24,148,2,1,preview_black_alpha_128_and_separate_mask
570,rom-animation-table,-1,-1,0x1BDF,0x13DF,3,2,0,10,27,148,2,1,preview_black_alpha_128_and_separate_mask
571,rom-animation-table,-1,-1,0x1BDF,0x13DF,3,2,0,11,30,148,2,1,preview_black_alpha_128_and_separate_mask
572,rom-animation-table,-1,-1,0x1BE5,0x13E5,3,2,0,9,0,150,2,1,preview_black_alpha_128_and_separate_mask
573,rom-animation-table,-1,-1,0x1BE5,0x13E5,3,2,0,10,3,150,2,1,preview_black_alpha_128_and_separate_mask
574,rom-animation-table,-1,-1,0x1BE5,0x13E5,3,2,0,11,6,150,2,1,preview_black_alpha_128_and_separate_mask
575,rom-animation-table,-1,-1,0x1BEB,0x13EB,3,2,0,9,9,150,2,1,preview_black_alpha_128_and_separate_mask
576,rom-animation-table,-1,-1,0x1BEB,0x13EB,3,2,0,10,12,150,2,1,preview_black_alpha_128_and_separate_mask
577,rom-animation-table,-1,-1,0x1BEB,0x13EB,3,2,0,11,15,150,2,1,preview_black_alpha_128_and_separate_mask
578,rom-animation-table,-1,-1,0x1BF1,0x13F1,3,2,0,9,18,150,2,1,preview_black_alpha_128_and_separate_mask
579,rom-animation-table,-1,-1,0x1BF1,0x13F1,3,2,0,10,21,150,2,1,preview_black_alpha_128_and_separate_mask
580,rom-animation-table,-1,-1,0x1BF1,0x13F1,3,2,0,11,24,150,2,1,preview_black_alpha_128_and_separate_mask
581,rom-animation-table,-1,-1,0x1BF7,0x13F7,3,2,0,9,27,150,2,1,preview_black_alpha_128_and_separate_mask
582,rom-animation-table,-1,-1,0x1BF7,0x13F7,3,2,0,10,30,150,2,1,preview_black_alpha_128_and_separate_mask
583,rom-animation-table,-1,-1,0x1BF7,0x13F7,3,2,0,11,0,152,2,1,preview_black_alpha_128_and_separate_mask
584,rom-animation-table,-1,-1,0x1C00,0x1400,3,2,0,9,3,152,2,1,preview_black_alpha_128_and_separate_mask
585,rom-animation-table,-1,-1,0x1C00,0x1400,3,2,0,10,6,152,2,1,preview_black_alpha_128_and_separate_mask
586,rom-animation-table,-1,-1,0x1C00,0x1400,3,2,0,11,9,152,2,1,preview_black_alpha_128_and_separate_mask
587,rom-animation-table,-1,-1,0x1C06,0x1406,3,2,0,9,12,152,2,1,preview_black_alpha_128_and_separate_mask
588,rom-animation-table,-1,-1,0x1C06,0x1406,3,2,0,10,15,152,2,1,preview_black_alpha_128_and_separate_mask
589,rom-animation-table,-1,-1,0x1C06,0x1406,3,2,0,11,18,152,2,1,preview_black_alpha_128_and_separate_mask
590,rom-animation-table,-1,-1,0x1C0C,0x140C,3,2,0,9,21,152,2,1,preview_black_alpha_128_and_separate_mask
591,rom-animation-table,-1,-1,0x1C0C,0x140C,3,2,0,10,24,152,2,1,preview_black_alpha_128_and_separate_mask
592,rom-animation-table,-1,-1,0x1C0C,0x140C,3,2,0,11,27,152,2,1,preview_black_alpha_128_and_separate_mask
593,rom-animation-table,-1,-1,0x1C12,0x1412,3,2,0,9,30,152,2,1,preview_black_alpha_128_and_separate_mask
594,rom-animation-table,-1,-1,0x1C12,0x1412,3,2,0,10,0,154,2,1,preview_black_alpha_128_and_separate_mask
595,rom-animation-table,-1,-1,0x1C12,0x1412,3,2,0,11,3,154,2,1,preview_black_alpha_128_and_separate_mask
596,rom-animation-table,-1,-1,0x1C18,0x1418,3,2,0,9,6,154,2,1,preview_black_alpha_128_and_separate_mask
597,rom-animation-table,-1,-1,0x1C18,0x1418,3,2,0,10,9,154,2,1,preview_black_alpha_128_and_separate_mask
598,rom-animation-table,-1,-1,0x1C18,0x1418,3,2,0,11,12,154,2,1,preview_black_alpha_128_and_separate_mask
599,rom-animation-table,-1,-1,0x1C1E,0x141E,3,2,0,9,15,154,2,1,preview_black_alpha_128_and_separate_mask
600,rom-animation-table,-1,-1,0x1C1E,0x141E,3,2,0,10,18,154,2,1,preview_black_alpha_128_and_separate_mask
601,rom-animation-table,-1,-1,0x1C1E,0x141E,3,2,0,11,21,154,2,1,preview_black_alpha_128_and_separate_mask
602,rom-animation-table,-1,-1,0x1C24,0x1424,3,2,0,9,24,154,2,1,preview_black_alpha_128_and_separate_mask
603,rom-animation-table,-1,-1,0x1C24,0x1424,3,2,0,10,27,154,2,1,preview_black_alpha_128_and_separate_mask
604,rom-animation-table,-1,-1,0x1C24,0x1424,3,2,0,11,30,154,2,1,preview_black_alpha_128_and_separate_mask
605,rom-animation-table,-1,-1,0x1C2A,0x142A,3,2,0,9,0,156,2,1,preview_black_alpha_128_and_separate_mask
606,rom-animation-table,-1,-1,0x1C2A,0x142A,3,2,0,10,3,156,2,1,preview_black_alpha_128_and_separate_mask
607,rom-animation-table,-1,-1,0x1C2A,0x142A,3,2,0,11,6,156,2,1,preview_black_alpha_128_and_separate_mask
608,rom-animation-table,-1,-1,0x1C30,0x1430,3,2,0,9,9,156,2,1,preview_black_alpha_128_and_separate_mask
609,rom-animation-table,-1,-1,0x1C30,0x1430,3,2,0,10,12,156,2,1,preview_black_alpha_128_and_separate_mask
610,rom-animation-table,-1,-1,0x1C30,0x1430,3,2,0,11,15,156,2,1,preview_black_alpha_128_and_separate_mask
611,rom-animation-table,-1,-1,0x1C36,0x1436,3,2,0,9,18,156,2,1,preview_black_alpha_128_and_separate_mask
612,rom-animation-table,-1,-1,0x1C36,0x1436,3,2,0,10,21,156,2,1,preview_black_alpha_128_and_separate_mask
613,rom-animation-table,-1,-1,0x1C36,0x1436,3,2,0,11,24,156,2,1,preview_black_alpha_128_and_separate_mask
614,rom-animation-table,-1,-1,0x1C3C,0x143C,3,2,0,9,27,156,2,1,preview_black_alpha_128_and_separate_mask
615,rom-animation-table,-1,-1,0x1C3C,0x143C,3,2,0,10,30,156,2,1,preview_black_alpha_128_and_separate_mask
616,rom-animation-table,-1,-1,0x1C3C,0x143C,3,2,0,11,0,158,2,1,preview_black_alpha_128_and_separate_mask
617,rom-animation-table,-1,-1,0x1C42,0x1442,3,2,0,9,3,158,2,1,preview_black_alpha_128_and_separate_mask
618,rom-animation-table,-1,-1,0x1C42,0x1442,3,2,0,10,6,158,2,1,preview_black_alpha_128_and_separate_mask
619,rom-animation-table,-1,-1,0x1C42,0x1442,3,2,0,11,9,158,2,1,preview_black_alpha_128_and_separate_mask
620,mame-trace,974,686,0x1D3C,0x153C,1,1,0,0,12,158,1,1,preview_black_alpha_128_and_separate_mask
621,mame-trace,996,686,0x1D3C,0x153C,3,2,0,0,14,158,2,1,preview_black_alpha_128_and_separate_mask
622,mame-trace,900,188,0x1D42,0x1542,3,2,0,0,17,158,2,1,preview_black_alpha_128_and_separate_mask
623,mame-trace,900,189,0x1D48,0x1548,2,2,0,0,20,158,1,1,preview_black_alpha_128_and_separate_mask
624,mame-trace,997,703,0x1D4C,0x154C,3,2,0,0,22,158,2,1,preview_black_alpha_128_and_separate_mask
625,mame-trace,900,190,0x1D52,0x1552,4,2,0,0,25,158,2,1,preview_black_alpha_128_and_separate_mask
626,mame-trace,975,1001,0x1D7C,0x157C,1,1,0,0,28,158,1,1,preview_black_alpha_128_and_separate_mask
627,mame-trace,997,1001,0x1DA4,0x15A4,2,4,0,0,30,158,1,2,preview_black_alpha_128_and_separate_mask
