x,y,tile,palette,source_visible_colours,output_visible_colours,marker_colours,changed_pixels
0,0,1,77,0,0,0,0
1,0,1,77,0,0,0,0
2,0,2,32,5,5,0,0
3,0,3,73,10,10,0,0
4,0,4,56,8,8,0,0
5,0,5,58,3,3,0,0
6,0,6,54,4,4,0,0
7,0,7,54,10,10,0,0
8,0,8,40,3,3,0,0
9,0,9,58,1,1,0,0
10,0,10,44,2,2,0,0
11,0,11,40,7,7,0,0
12,0,12,54,13,13,0,0
13,0,13,58,1,1,0,0
14,0,14,19,15,15,0,0
15,0,15,53,13,13,0,0
16,0,16,52,7,7,0,0
17,0,17,40,4,4,0,0
18,0,18,76,2,2,0,0
19,0,19,76,2,2,0,0
0,1,1,77,0,0,0,0
1,1,1,77,0,0,0,0
2,1,20,73,10,10,0,0
3,1,21,52,7,7,0,0
4,1,22,73,10,10,0,0
5,1,23,60,5,5,0,0
6,1,24,55,11,11,0,0
7,1,25,20,16,15,0,4
8,1,26,27,15,15,0,0
9,1,27,34,7,7,0,0
10,1,28,55,13,13,0,0
11,1,29,31,18,15,0,9
12,1,30,30,18,15,0,9
13,1,31,71,9,9,0,0
14,1,32,73,11,11,0,0
15,1,33,73,11,11,0,0
16,1,34,73,10,10,0,0
17,1,35,56,7,7,0,0
18,1,36,71,6,6,0,0
19,1,37,71,6,6,0,0
0,2,38,77,1,1,0,0
1,2,39,77,1,1,0,0
2,2,40,52,13,13,0,0
3,2,41,52,6,6,0,0
4,2,42,56,8,8,0,0
5,2,43,71,11,11,0,0
6,2,44,43,14,14,0,0
7,2,45,55,11,11,0,0
8,2,46,55,10,10,0,0
9,2,47,55,6,6,0,0
10,2,48,23,5,5,0,0
11,2,49,55,9,9,0,0
12,2,50,43,11,11,0,0
13,2,51,33,18,15,0,5
14,2,52,73,10,10,0,0
15,2,53,73,10,10,0,0
16,2,54,73,11,11,0,0
17,2,55,73,10,10,0,0
18,2,56,58,6,6,0,0
19,2,57,58,6,6,0,0
0,3,58,47,7,7,0,0
1,3,59,47,6,6,0,0
2,3,60,28,15,15,0,0
3,3,61,41,14,14,0,0
4,3,62,75,10,10,0,0
5,3,63,44,14,14,0,0
6,3,64,16,10,10,0,0
7,3,65,67,12,12,0,0
8,3,66,58,1,1,0,0
9,3,67,58,2,2,0,0
10,3,68,36,7,7,0,0
11,3,69,23,6,6,0,0
12,3,70,16,9,9,0,0
13,3,71,16,17,15,0,12
14,3,72,48,14,14,0,0
15,3,73,23,19,15,0,9
16,3,74,21,15,15,0,0
17,3,75,46,14,14,0,0
18,3,76,77,2,2,0,0
19,3,77,77,2,2,0,0
0,4,78,47,7,7,0,0
1,4,79,47,14,14,0,0
2,4,80,17,15,15,0,0
3,4,81,26,19,15,0,41
4,4,82,78,9,9,0,0
5,4,83,72,11,11,0,0
6,4,84,72,8,8,0,0
7,4,85,75,6,6,0,0
8,4,86,58,1,1,0,0
9,4,87,58,1,1,0,0
10,4,88,58,3,3,0,0
11,4,89,23,6,6,0,0
12,4,90,57,9,9,0,0
13,4,91,78,4,4,0,0
14,4,92,78,8,8,0,0
15,4,93,18,17,15,0,6
16,4,94,16,11,11,0,0
17,4,95,25,19,15,0,14
18,4,96,77,2,2,0,0
19,4,97,77,2,2,0,0
0,5,98,44,5,5,0,0
1,5,99,47,8,8,0,0
2,5,100,40,5,5,0,0
3,5,101,42,8,8,0,0
4,5,102,16,11,11,0,0
5,5,103,72,11,11,0,0
6,5,104,75,4,4,0,0
7,5,105,73,11,11,0,0
8,5,106,73,11,11,0,0
9,5,107,73,11,11,0,0
10,5,108,56,7,7,0,0
11,5,109,56,8,8,0,0
12,5,110,57,13,13,0,0
13,5,111,57,9,9,0,0
14,5,112,22,21,15,0,19
15,5,113,42,12,12,0,0
16,5,114,42,14,14,0,0
17,5,115,77,9,9,0,0
18,5,116,48,5,5,0,0
19,5,117,77,2,2,0,0
0,6,118,25,9,9,0,0
1,6,119,16,9,9,0,0
2,6,120,16,11,11,0,0
3,6,121,16,11,11,0,0
4,6,122,40,7,7,0,0
5,6,123,67,11,11,0,0
6,6,124,71,5,5,0,0
7,6,125,73,11,11,0,0
8,6,126,73,11,11,0,0
9,6,127,56,11,11,0,0
10,6,128,73,9,9,0,0
11,6,129,56,8,8,0,0
12,6,130,45,7,7,0,0
13,6,131,45,6,6,0,0
14,6,132,40,14,14,0,0
15,6,133,77,3,3,0,0
16,6,134,29,20,15,0,30
17,6,135,24,15,15,0,0
18,6,136,45,14,14,0,0
19,6,137,53,10,10,0,0
0,7,138,39,8,8,0,0
1,7,139,16,9,9,0,0
2,7,140,16,10,10,0,0
3,7,141,16,11,11,0,0
4,7,142,16,9,9,0,0
5,7,143,39,14,14,0,0
6,7,144,45,7,7,0,0
7,7,145,73,10,10,0,0
8,7,146,56,10,10,0,0
9,7,147,73,11,11,0,0
10,7,148,73,9,9,0,0
11,7,149,45,8,8,0,0
12,7,150,76,5,5,0,0
13,7,151,76,3,3,0,0
14,7,152,40,9,9,0,0
15,7,153,40,10,10,0,0
16,7,154,32,23,15,0,27
17,7,155,56,10,10,0,0
18,7,156,45,8,8,0,0
19,7,157,69,10,10,0,0
0,8,158,51,13,13,0,0
1,8,159,77,3,3,0,0
2,8,160,16,11,11,0,0
3,8,161,16,11,11,0,0
4,8,162,40,5,5,0,0
5,8,163,16,9,9,0,0
6,8,164,76,8,8,0,0
7,8,165,76,5,5,0,0
8,8,166,76,5,5,0,0
9,8,167,58,3,3,0,0
10,8,168,58,4,4,0,0
11,8,169,58,6,6,0,0
12,8,170,76,3,3,0,0
13,8,171,40,7,7,0,0
14,8,172,40,9,9,0,0
15,8,173,39,13,13,0,0
16,8,174,45,6,6,0,0
17,8,175,45,8,8,0,0
18,8,176,45,10,10,0,0
19,8,177,51,4,4,0,0
0,9,178,35,18,15,2,20
1,9,179,34,17,15,3,14
2,9,180,56,12,12,3,0
3,9,181,56,13,13,3,0
4,9,182,56,11,11,3,0
5,9,183,56,13,13,3,0
6,9,184,59,13,13,2,0
7,9,185,76,7,7,3,0
8,9,186,76,7,7,3,0
9,9,187,76,10,10,3,0
10,9,188,76,9,9,3,0
11,9,189,76,9,9,3,0
12,9,190,59,10,10,3,0
13,9,191,59,11,11,3,0
14,9,192,56,8,8,1,0
15,9,193,56,10,10,3,0
16,9,194,56,8,8,1,0
17,9,195,56,9,9,1,0
18,9,196,59,12,12,3,0
19,9,197,59,11,11,3,0
0,10,198,49,12,12,6,0
1,10,199,62,11,11,4,0
2,10,200,62,12,12,5,0
3,10,201,49,12,12,6,0
4,10,202,49,14,14,6,0
5,10,203,62,10,10,6,0
6,10,204,60,13,13,2,0
7,10,205,66,13,13,6,0
8,10,206,66,13,13,6,0
9,10,207,66,10,10,3,0
10,10,208,66,13,13,6,0
11,10,209,66,13,13,6,0
12,10,210,38,21,15,6,33
13,10,211,38,9,9,6,0
14,10,212,60,6,6,0,0
15,10,213,49,12,12,6,0
16,10,214,49,12,12,6,0
17,10,215,68,12,12,3,0
18,10,216,62,13,13,6,0
19,10,217,68,12,12,2,0
0,11,218,64,13,13,6,0
1,11,219,70,12,12,5,0
2,11,220,64,10,10,6,0
3,11,221,64,10,10,6,0
4,11,222,64,13,13,6,0
5,11,223,37,15,15,5,0
6,11,224,36,15,15,4,0
7,11,225,74,10,10,5,0
8,11,226,74,11,11,6,0
9,11,227,74,10,10,3,0
10,11,228,74,11,11,4,0
11,11,229,74,11,11,4,0
12,11,230,63,13,13,4,0
13,11,231,79,8,8,4,0
14,11,232,79,8,8,4,0
15,11,233,79,8,8,4,0
16,11,234,79,8,8,2,0
17,11,235,79,9,9,4,0
18,11,236,64,11,11,6,0
19,11,237,45,6,6,0,0
0,12,238,61,13,13,0,0
1,12,239,50,14,14,3,0
2,12,240,65,13,13,6,0
3,12,241,63,8,8,2,0
4,12,242,69,10,10,1,0
5,12,243,58,10,10,0,0
6,12,244,58,13,13,0,0
7,12,245,69,12,12,1,0
8,12,246,66,5,5,0,0
9,12,247,66,5,5,0,0
10,12,248,66,5,5,0,0
11,12,249,66,6,6,0,0
12,12,250,63,7,7,0,0
13,12,251,60,5,5,0,0
14,12,252,60,4,4,0,0
15,12,253,60,4,4,0,0
16,12,254,61,5,5,0,0
17,12,255,65,7,7,3,0
18,12,256,65,11,11,5,0
19,12,257,63,9,9,2,0
0,13,258,58,6,6,0,0
1,13,259,70,9,9,2,0
2,13,260,60,5,5,0,0
3,13,261,73,10,10,0,0
4,13,262,56,9,9,0,0
5,13,263,58,5,5,0,0
6,13,264,58,5,5,0,0
7,13,265,45,4,4,0,0
8,13,266,76,3,3,0,0
9,13,267,76,3,3,0,0
10,13,268,76,3,3,0,0
11,13,269,76,3,3,0,0
12,13,270,45,6,6,0,0
13,13,271,58,4,4,0,0
14,13,272,53,6,6,0,0
15,13,273,60,4,4,0,0
16,13,274,58,3,3,0,0
17,13,275,65,6,6,1,0
18,13,276,60,5,5,0,0
19,13,277,45,6,6,0,0
